﻿<?xml version="1.0" encoding="utf-8"?>
<deployment>
  <id>17a131f69cfc429c9f0464aa0b6d20bb</id>
  <author>N/A</author>
  <deployer>OneDeploy</deployer>
  <authorEmail>N/A</authorEmail>
  <message>OneDeploy</message>
  <progress></progress>
  <status>Success</status>
  <statusText></statusText>
  <lastSuccessEndTime>2025-11-10T18:43:05.1711028Z</lastSuccessEndTime>
  <receivedTime>2025-11-10T18:43:03.6554641Z</receivedTime>
  <startTime>2025-11-10T18:43:03.7804655Z</startTime>
  <endTime>2025-11-10T18:43:05.1711028Z</endTime>
  <complete>True</complete>
  <is_temp>False</is_temp>
  <is_readonly>True</is_readonly>
  <project_type>OneDeploy</project_type>
  <vsproject_id></vsproject_id>
</deployment>