﻿<?xml version="1.0" encoding="utf-8"?>
<deployment>
  <id>1670e501c12742849b4959adde588e7b</id>
  <author>N/A</author>
  <deployer>OneDeploy</deployer>
  <authorEmail>N/A</authorEmail>
  <message>OneDeploy</message>
  <progress></progress>
  <status>Success</status>
  <statusText></statusText>
  <lastSuccessEndTime>2025-11-10T18:39:15.180666Z</lastSuccessEndTime>
  <receivedTime>2025-11-10T18:39:13.4619068Z</receivedTime>
  <startTime>2025-11-10T18:39:13.5869037Z</startTime>
  <endTime>2025-11-10T18:39:15.180666Z</endTime>
  <complete>True</complete>
  <is_temp>False</is_temp>
  <is_readonly>True</is_readonly>
  <project_type>OneDeploy</project_type>
  <vsproject_id></vsproject_id>
</deployment>