﻿<?xml version="1.0" encoding="utf-8"?>
<deployment>
  <id>3178f406b7fd421fbe538b72b89fd949</id>
  <author>N/A</author>
  <deployer>OneDeploy</deployer>
  <authorEmail>N/A</authorEmail>
  <message>OneDeploy</message>
  <progress></progress>
  <status>Success</status>
  <statusText></statusText>
  <lastSuccessEndTime>2025-12-02T15:15:19.4155765Z</lastSuccessEndTime>
  <receivedTime>2025-12-02T15:15:17.9780042Z</receivedTime>
  <startTime>2025-12-02T15:15:18.0404905Z</startTime>
  <endTime>2025-12-02T15:15:19.4155765Z</endTime>
  <complete>True</complete>
  <is_temp>False</is_temp>
  <is_readonly>True</is_readonly>
  <project_type>OneDeploy</project_type>
  <vsproject_id></vsproject_id>
</deployment>