{"TimeStamp":"2025-12-02T15:29:04Z","SiteName":"errando-app-01","RequestId":"9a91bae9-cf93-11f0-bb63-005056c00008","Kind":"OneDeploy","Status":"Success","Details":"{\"Id\":\"17189ad394154a7a9e8f7920fc5db53b\",\"Status\":4,\"StatusText\":\"\",\"AuthorEmail\":\"N/A\",\"Author\":\"N/A\",\"Message\":\"OneDeploy\",\"Progress\":\"\",\"Deployer\":\"OneDeploy\",\"ReceivedTime\":\"2025-12-02T15:29:01.1384811Z\",\"StartTime\":\"2025-12-02T15:29:01.1853613Z\",\"EndTime\":\"2025-12-02T15:29:04.4825757Z\",\"LastSuccessEndTime\":\"2025-12-02T15:29:04.4825757Z\",\"Complete\":true,\"IsTemporary\":false,\"IsReadOnly\":true,\"SiteName\":\"errando-app-01\",\"HostName\":\"errando-app-01-gqa9bvctezcgg0h4.scm.swedencentral-01.azurewebsites.net\",\"ProjectType\":\"OneDeploy\",\"VsProjectId\":null}"}