﻿<?xml version="1.0" encoding="utf-8"?>
<deployment>
  <id>6a5ce75689e74b5c8866c06cacb6fa16</id>
  <author>N/A</author>
  <deployer>OneDeploy</deployer>
  <authorEmail>N/A</authorEmail>
  <message>OneDeploy</message>
  <progress></progress>
  <status>Success</status>
  <statusText></statusText>
  <lastSuccessEndTime>2025-11-10T18:15:34.251172Z</lastSuccessEndTime>
  <receivedTime>2025-11-10T18:15:32.8291768Z</receivedTime>
  <startTime>2025-11-10T18:15:32.9699122Z</startTime>
  <endTime>2025-11-10T18:15:34.251172Z</endTime>
  <complete>True</complete>
  <is_temp>False</is_temp>
  <is_readonly>True</is_readonly>
  <project_type>OneDeploy</project_type>
  <vsproject_id></vsproject_id>
</deployment>