﻿<?xml version="1.0" encoding="utf-8"?>
<deployment>
  <id>8109a16a681d479daa3bdf053a218e4c</id>
  <author>N/A</author>
  <deployer>OneDeploy</deployer>
  <authorEmail>N/A</authorEmail>
  <message>OneDeploy</message>
  <progress></progress>
  <status>Success</status>
  <statusText></statusText>
  <lastSuccessEndTime>2025-11-10T18:06:15.7661277Z</lastSuccessEndTime>
  <receivedTime>2025-11-10T18:06:13.2661075Z</receivedTime>
  <startTime>2025-11-10T18:06:13.406732Z</startTime>
  <endTime>2025-11-10T18:06:15.7661277Z</endTime>
  <complete>True</complete>
  <is_temp>False</is_temp>
  <is_readonly>True</is_readonly>
  <project_type>OneDeploy</project_type>
  <vsproject_id></vsproject_id>
</deployment>