﻿<?xml version="1.0" encoding="utf-8"?>
<deployment>
  <id>17189ad394154a7a9e8f7920fc5db53b</id>
  <author>N/A</author>
  <deployer>OneDeploy</deployer>
  <authorEmail>N/A</authorEmail>
  <message>OneDeploy</message>
  <progress></progress>
  <status>Success</status>
  <statusText></statusText>
  <lastSuccessEndTime>2025-12-02T15:29:04.4825757Z</lastSuccessEndTime>
  <receivedTime>2025-12-02T15:29:01.1384811Z</receivedTime>
  <startTime>2025-12-02T15:29:01.1853613Z</startTime>
  <endTime>2025-12-02T15:29:04.4825757Z</endTime>
  <complete>True</complete>
  <is_temp>False</is_temp>
  <is_readonly>True</is_readonly>
  <project_type>OneDeploy</project_type>
  <vsproject_id></vsproject_id>
</deployment>