﻿<?xml version="1.0" encoding="utf-8"?>
<deployment>
  <id>e11370e492d84f30b8a9e724d0a8d150</id>
  <author>N/A</author>
  <deployer>OneDeploy</deployer>
  <authorEmail>N/A</authorEmail>
  <message>OneDeploy</message>
  <progress></progress>
  <status>Success</status>
  <statusText></statusText>
  <lastSuccessEndTime>2025-12-02T15:21:54.4963915Z</lastSuccessEndTime>
  <receivedTime>2025-12-02T15:21:53.574439Z</receivedTime>
  <startTime>2025-12-02T15:21:53.6369389Z</startTime>
  <endTime>2025-12-02T15:21:54.4963915Z</endTime>
  <complete>True</complete>
  <is_temp>False</is_temp>
  <is_readonly>True</is_readonly>
  <project_type>OneDeploy</project_type>
  <vsproject_id></vsproject_id>
</deployment>