﻿<?xml version="1.0" encoding="utf-8"?>
<deployment>
  <id>1fc0fed3b7cf40d285f9ac646a63aee6</id>
  <author>N/A</author>
  <deployer>OneDeploy</deployer>
  <authorEmail>N/A</authorEmail>
  <message>OneDeploy</message>
  <progress></progress>
  <status>Success</status>
  <statusText></statusText>
  <lastSuccessEndTime>2025-12-02T15:19:06.3238208Z</lastSuccessEndTime>
  <receivedTime>2025-12-02T15:19:05.4792168Z</receivedTime>
  <startTime>2025-12-02T15:19:05.5417182Z</startTime>
  <endTime>2025-12-02T15:19:06.3238208Z</endTime>
  <complete>True</complete>
  <is_temp>False</is_temp>
  <is_readonly>True</is_readonly>
  <project_type>OneDeploy</project_type>
  <vsproject_id></vsproject_id>
</deployment>