<step title="Incoming Request" date="2025-12-02T15:15:16.821" instance="c01540" url="/api/publish?type=zip" method="POST" type="request" pid="9848,2,8" Cache-Control="no-cache" Content-Length="4127368" Content-Type="application/octet-stream" Accept="*/*" Accept-Encoding="gzip, deflate" Authorization="Bea..." Host="errando-app-01-gqa9bvctezcgg0h4.scm.swedencentral-01.azurewebsites.net" User-Agent="AZURECLI/2.79.0 (MSI)" x-ms-client-request-id="ae9c3463-cf91-11f0-8467-005056c00008" X-ARR-LOG-ID="ae9c3463-cf91-11f0-8467-005056c00008" CLIENT-IP="158.129.26.197:63269" X-SITE-DEPLOYMENT-ID="errando-app-01" WAS-DEFAULT-HOSTNAME="errando-app-01-gqa9bvctezcgg0h4.scm.swedencentral-01.azurewebsites.net" X-Forwarded-Proto="https" X-AppService-Proto="https" X-Forwarded-TlsVersion="1.3" X-WAWS-Unencoded-URL="/api/publish?type=zip" >
  <step title="OneDeploy" date="2025-12-02T15:15:17.087" >
    <step title="Starting PushDeployAsync" date="2025-12-02T15:15:17.118" /><!-- duration: 0ms -->
    <step title="Updating shutdown sentinel last write time" date="2025-12-02T15:15:17.181" SemaphoreCount="7" /><!-- duration: 0ms -->
    <step title="LockFile &apos;C:\home\site\locks\deployments.lock&apos; acquired" date="2025-12-02T15:15:17.181" /><!-- duration: 0ms -->
    <step title="Saving request content to C:\local\Temp\zipdeploy\apjxafji.zip" date="2025-12-02T15:15:17.196" >
      <step title="Total 4,127,368 bytes written to C:\local\Temp\zipdeploy\apjxafji.zip" date="2025-12-02T15:15:17.571" /><!-- duration: 16ms -->
    </step><!-- duration: 391ms -->
    <step title="LockFile &apos;C:\home\site\locks\deployments.lock&apos; released" date="2025-12-02T15:15:17.587" /><!-- duration: 0ms -->
    <step title="Deleting shutdown sentinel file" date="2025-12-02T15:15:17.587" SemaphoreCount="8" /><!-- duration: 0ms -->
    <step title="Starting FetchDeploy" date="2025-12-02T15:15:17.602" /><!-- duration: 0ms -->
    <step title="Attempting to fetch target branch HEAD" date="2025-12-02T15:15:17.602" /><!-- duration: 0ms -->
    <step title="Updating shutdown sentinel last write time" date="2025-12-02T15:15:17.602" SemaphoreCount="7" /><!-- duration: 16ms -->
    <step title="LockFile &apos;C:\home\site\locks\deployments.lock&apos; acquired" date="2025-12-02T15:15:17.618" /><!-- duration: 0ms -->
    <step title="Performing fetch based deployment" date="2025-12-02T15:15:17.618" >
      <step title="Creating temporary deployment" date="2025-12-02T15:15:17.618" /><!-- duration: 47ms -->
      <step title="Fetching changes." date="2025-12-02T15:15:17.696" /><!-- duration: 0ms -->
      <step title="Starting LocalZipHandler" date="2025-12-02T15:15:17.696" /><!-- duration: 16ms -->
      <step title="Starting LocalZipFetch" date="2025-12-02T15:15:17.712" /><!-- duration: 0ms -->
      <step title="Cleaning up temp folders from previous zip deployments and extracting pushed zip file C:\local\Temp\zipdeploy\apjxafji.zip (3.94 MB) to C:\local\Temp\zipdeploy\extracted" date="2025-12-02T15:15:17.712" /><!-- duration: 0ms -->
      <step title="Cleaning up temp folders from previous zip deployments and extracting pushed zip file C:\local\Temp\zipdeploy\apjxafji.zip (3.94 MB) to C:\local\Temp\zipdeploy\extracted" date="2025-12-02T15:15:17.727" >
        <step title="Extracting 60 entries to C:\local\Temp\zipdeploy\extracted directory" date="2025-12-02T15:15:17.743" >
          <step title="Extracting to C:\local\Temp\zipdeploy\extracted\publish\appsettings.Development.json ..." date="2025-12-02T15:15:17.759" /><!-- duration: 0ms -->
          <step title="Extracting to C:\local\Temp\zipdeploy\extracted\publish\appsettings.json ..." date="2025-12-02T15:15:17.759" /><!-- duration: 16ms -->
          <step title="Extracting to C:\local\Temp\zipdeploy\extracted\publish\backend.deps.json ..." date="2025-12-02T15:15:17.774" /><!-- duration: 0ms -->
          <step title="Extracting to C:\local\Temp\zipdeploy\extracted\publish\backend.runtimeconfig.json ..." date="2025-12-02T15:15:17.774" /><!-- duration: 0ms -->
          <step title="Extracting to C:\local\Temp\zipdeploy\extracted\publish\backend.staticwebassets.endpoints.json ..." date="2025-12-02T15:15:17.774" /><!-- duration: 0ms -->
          <step title="Omitting extracting file traces ..." date="2025-12-02T15:15:17.774" /><!-- duration: 16ms -->
          <step title="Extracting to C:\local\Temp\zipdeploy\extracted\Swashbuckle.AspNetCore.Swagger.dll ..." date="2025-12-02T15:15:17.915" /><!-- duration: 16ms -->
          <step title="Extracting to C:\local\Temp\zipdeploy\extracted\Swashbuckle.AspNetCore.SwaggerGen.dll ..." date="2025-12-02T15:15:17.931" /><!-- duration: 0ms -->
          <step title="Extracting to C:\local\Temp\zipdeploy\extracted\Swashbuckle.AspNetCore.SwaggerUI.dll ..." date="2025-12-02T15:15:17.931" /><!-- duration: 0ms -->
          <step title="Extracting to C:\local\Temp\zipdeploy\extracted\System.IdentityModel.Tokens.Jwt.dll ..." date="2025-12-02T15:15:17.931" /><!-- duration: 16ms -->
          <step title="Extracting to C:\local\Temp\zipdeploy\extracted\web.config ..." date="2025-12-02T15:15:17.946" /><!-- duration: 0ms -->
        </step><!-- duration: 203ms -->
      </step><!-- duration: 219ms -->
      <step title="None repository commit" date="2025-12-02T15:15:17.946" >
        <step title="Commit id: 3178f406b7fd421fbe538b72b89fd949" date="2025-12-02T15:15:17.946" Message="OneDeploy" AuthorName="N/A" AuthorEmail="N/A" /><!-- duration: 0ms -->
      </step><!-- duration: 16ms -->
      <step title="Before sending BuildRequestReceived status to /api/updatedeploystatus" date="2025-12-02T15:15:17.962" /><!-- duration: 0ms -->
      <step title="DeploymentManager.Deploy(id:3178f406b7fd421fbe538b72b89fd949)" date="2025-12-02T15:15:17.962" >
        <step title="Collecting changeset information" date="2025-12-02T15:15:17.962" /><!-- duration: 31ms -->
        <step title="Updating submodules" date="2025-12-02T15:15:17.993" >
          <step title="Updating submodules." date="2025-12-02T15:15:18.009" /><!-- duration: 16ms -->
        </step><!-- duration: 31ms -->
        <step title="Preparing deployment for commit id &apos;3178f406b7&apos;." date="2025-12-02T15:15:18.040" /><!-- duration: 0ms -->
        <step title="Determining deployment builder" date="2025-12-02T15:15:18.056" >
          <step title="Builder is OneDeployBuilder" date="2025-12-02T15:15:18.056" /><!-- duration: 0ms -->
        </step><!-- duration: 0ms -->
        <step title="Copying SSH keys" date="2025-12-02T15:15:18.149" /><!-- duration: 16ms -->
        <step title="Building" date="2025-12-02T15:15:18.165" >
          <step title="Running build. Project type: OneDeploy" date="2025-12-02T15:15:18.181" /><!-- duration: 0ms -->
          <step title="Copying the manifest" date="2025-12-02T15:15:18.196" /><!-- duration: 0ms -->
          <step title="Clean deploying to C:\home\site\wwwroot" date="2025-12-02T15:15:18.212" /><!-- duration: 0ms -->
          <step title="Generating deployment script." date="2025-12-02T15:15:18.243" /><!-- duration: 0ms -->
          <step title="Generating deployment script" date="2025-12-02T15:15:18.259" >
            <step title="Using cached version of the deployment script for command: -y --no-dot-deployment -r &quot;C:\local\Temp\zipdeploy\extracted&quot; -o &quot;C:\home\site\deployments\tools&quot; --basic --sitePath &quot;C:\local\Temp\zipdeploy\extracted&quot;" date="2025-12-02T15:15:18.290" /><!-- duration: 0ms -->
            <step title="Using cached version of deployment script (command: &apos;azure -y --no-dot-deployment -r &quot;C:\local\Temp\zipdeploy\extracted&quot; -o &quot;C:\home\site\deployments\tools&quot; --basic --sitePath &quot;C:\local\Temp\zipdeploy\extracted&quot;&apos;)." date="2025-12-02T15:15:18.306" /><!-- duration: 0ms -->
          </step><!-- duration: 63ms -->
          <step title="Running deployment command..." date="2025-12-02T15:15:18.337" /><!-- duration: 0ms -->
          <step title="Command: &quot;C:\home\site\deployments\tools\deploy.cmd&quot;" date="2025-12-02T15:15:18.337" /><!-- duration: 0ms -->
          <step title="Executing external process" date="2025-12-02T15:15:18.353" type="process" path="starter.cmd" arguments="&quot;C:\home\site\deployments\tools\deploy.cmd&quot;" >
            <step title="Handling Basic Web Site deployment." date="2025-12-02T15:15:18.509" /><!-- duration: 31ms -->
            <step title="Creating app_offline.htm" date="2025-12-02T15:15:18.821" /><!-- duration: 0ms -->
            <step title="KuduSync.NET from: &apos;C:\local\Temp\zipdeploy\extracted&apos; to: &apos;C:\home\site\wwwroot&apos;" date="2025-12-02T15:15:18.821" /><!-- duration: 0ms -->
            <step title="Copying file: &apos;backend.dll&apos;" date="2025-12-02T15:15:18.837" /><!-- duration: 0ms -->
            <step title="Copying file: &apos;backend.exe&apos;" date="2025-12-02T15:15:18.837" /><!-- duration: 0ms -->
            <step title="Copying file: &apos;backend.pdb&apos;" date="2025-12-02T15:15:18.837" /><!-- duration: 16ms -->
            <step title="Copying file: &apos;publish\publish\publish\publish\appsettings.Development.json&apos;" date="2025-12-02T15:15:18.853" /><!-- duration: 0ms -->
            <step title="Copying file: &apos;publish\publish\publish\publish\appsettings.json&apos;" date="2025-12-02T15:15:18.853" /><!-- duration: 0ms -->
            <step title="Copying file: &apos;publish\publish\publish\publish\backend.deps.json&apos;" date="2025-12-02T15:15:18.868" /><!-- duration: 0ms -->
            <step title="Copying file: &apos;publish\publish\publish\publish\backend.runtimeconfig.json&apos;" date="2025-12-02T15:15:18.868" /><!-- duration: 31ms -->
            <step title="Copying file: &apos;publish\publish\publish\publish\backend.staticwebassets.endpoints.json&apos;" date="2025-12-02T15:15:18.899" /><!-- duration: 0ms -->
            <step title="Copying file: &apos;publish\publish\publish\publish\web.config&apos;" date="2025-12-02T15:15:18.915" /><!-- duration: 0ms -->
            <step title="Deleting app_offline.htm" date="2025-12-02T15:15:18.915" /><!-- duration: 0ms -->
            <step title="Finished successfully." date="2025-12-02T15:15:18.915" /><!-- duration: 0ms -->
          </step><!-- duration: 578ms -->
          <step title="Build completed succesfully." date="2025-12-02T15:15:18.946" /><!-- duration: 0ms -->
          <step title="Running post deployment command(s)..." date="2025-12-02T15:15:18.962" /><!-- duration: 0ms -->
          <step title="Requesting site restart" date="2025-12-02T15:15:18.978" /><!-- duration: 0ms -->
          <step title="Requesting site restart" date="2025-12-02T15:15:18.993" /><!-- duration: 0ms -->
          <step title="Requesting site restart. Attempt #1" date="2025-12-02T15:15:19.040" /><!-- duration: 0ms -->
          <step title="Requesting site restart. Attempt #1" date="2025-12-02T15:15:19.040" /><!-- duration: 0ms -->
          <step title="Successfully requested a restart. Attempt #1" date="2025-12-02T15:15:19.368" /><!-- duration: 0ms -->
          <step title="Successfully requested a restart. Attempt #1" date="2025-12-02T15:15:19.368" /><!-- duration: 0ms -->
          <step title="Deployment successful. DEPLOYMENTINFO: deploymentPath = OneDeploy, deployer = OneDeploy, os = windows, sku = Free, siteName = errando-app-01, siteHostName = errando-app-01-gqa9bvctezcgg0h4.swedencentral-01.azurewebsites.net, deploymentStatus = Success" date="2025-12-02T15:15:19.415" /><!-- duration: 0ms -->
        </step><!-- duration: 1406ms -->
      </step><!-- duration: 1609ms -->
      <step title="Cleaning up temp files" date="2025-12-02T15:15:19.571" /><!-- duration: 16ms -->
      <step title="Skip function trigger and logicapp sync because function is not enabled." date="2025-12-02T15:15:19.587" /><!-- duration: 0ms -->
    </step><!-- duration: 1984ms -->
    <step title="LockFile &apos;C:\home\site\locks\deployments.lock&apos; released" date="2025-12-02T15:15:19.603" /><!-- duration: 0ms -->
    <step title="Deleting shutdown sentinel file" date="2025-12-02T15:15:19.603" SemaphoreCount="8" /><!-- duration: 16ms -->
  </step><!-- duration: 2531ms -->
  <step title="Outgoing response" date="2025-12-02T15:15:19.634" type="response" statusCode="200" statusText="OK" Server="Microsoft-IIS/10.0" x-ms-request-id="ae9c3463-cf91-11f0-8467-005056c00008" Cache-Control="private" X-AspNet-Version="4.0.30319" /><!-- duration: 16ms -->
</step><!-- duration: 2828ms -->
