<step title="Incoming Request" date="2025-12-02T15:28:58.279" instance="c01540" url="/api/publish?type=zip" method="POST" type="request" pid="9848,2,90" Cache-Control="no-cache" Content-Length="4177821" Content-Type="application/octet-stream" Accept="*/*" Accept-Encoding="gzip, deflate" Authorization="Bea..." Host="errando-app-01-gqa9bvctezcgg0h4.scm.swedencentral-01.azurewebsites.net" User-Agent="AZURECLI/2.79.0 (MSI)" x-ms-client-request-id="9a91bae9-cf93-11f0-bb63-005056c00008" X-ARR-LOG-ID="9a91bae9-cf93-11f0-bb63-005056c00008" CLIENT-IP="158.129.26.197:57912" X-SITE-DEPLOYMENT-ID="errando-app-01" WAS-DEFAULT-HOSTNAME="errando-app-01-gqa9bvctezcgg0h4.scm.swedencentral-01.azurewebsites.net" X-Forwarded-Proto="https" X-AppService-Proto="https" X-Forwarded-TlsVersion="1.3" X-WAWS-Unencoded-URL="/api/publish?type=zip" >
  <step title="Cleanup Xml Logs" date="2025-12-02T15:28:58.279" /><!-- duration: 0ms -->
  <step title="OneDeploy" date="2025-12-02T15:28:58.294" >
    <step title="Starting PushDeployAsync" date="2025-12-02T15:28:58.294" /><!-- duration: 0ms -->
    <step title="Updating shutdown sentinel last write time" date="2025-12-02T15:28:58.294" SemaphoreCount="7" /><!-- duration: 0ms -->
    <step title="LockFile &apos;C:\home\site\locks\deployments.lock&apos; acquired" date="2025-12-02T15:28:58.294" /><!-- duration: 0ms -->
    <step title="Saving request content to C:\local\Temp\zipdeploy\plecbgrs.zip" date="2025-12-02T15:28:58.310" >
      <step title="Total 4,177,821 bytes written to C:\local\Temp\zipdeploy\plecbgrs.zip" date="2025-12-02T15:29:00.810" /><!-- duration: 16ms -->
    </step><!-- duration: 2516ms -->
    <step title="LockFile &apos;C:\home\site\locks\deployments.lock&apos; released" date="2025-12-02T15:29:00.825" /><!-- duration: 0ms -->
    <step title="Deleting shutdown sentinel file" date="2025-12-02T15:29:00.825" SemaphoreCount="8" /><!-- duration: 0ms -->
    <step title="Starting FetchDeploy" date="2025-12-02T15:29:00.825" /><!-- duration: 0ms -->
    <step title="Attempting to fetch target branch HEAD" date="2025-12-02T15:29:00.825" /><!-- duration: 16ms -->
    <step title="Updating shutdown sentinel last write time" date="2025-12-02T15:29:00.841" SemaphoreCount="7" /><!-- duration: 0ms -->
    <step title="LockFile &apos;C:\home\site\locks\deployments.lock&apos; acquired" date="2025-12-02T15:29:00.841" /><!-- duration: 0ms -->
    <step title="Performing fetch based deployment" date="2025-12-02T15:29:00.841" >
      <step title="Creating temporary deployment" date="2025-12-02T15:29:00.841" /><!-- duration: 16ms -->
      <step title="Fetching changes." date="2025-12-02T15:29:00.872" /><!-- duration: 0ms -->
      <step title="Starting LocalZipHandler" date="2025-12-02T15:29:00.888" /><!-- duration: 0ms -->
      <step title="Starting LocalZipFetch" date="2025-12-02T15:29:00.888" /><!-- duration: 0ms -->
      <step title="Cleaning up temp folders from previous zip deployments and extracting pushed zip file C:\local\Temp\zipdeploy\plecbgrs.zip (3.98 MB) to C:\local\Temp\zipdeploy\extracted" date="2025-12-02T15:29:00.888" /><!-- duration: 0ms -->
      <step title="Cleaning up temp folders from previous zip deployments and extracting pushed zip file C:\local\Temp\zipdeploy\plecbgrs.zip (3.98 MB) to C:\local\Temp\zipdeploy\extracted" date="2025-12-02T15:29:00.888" >
        <step title="Renaming extractTargetDirectory(C:\local\Temp\zipdeploy\extracted) to tempDirectory(C:\local\Temp\zipdeploy\23lefsa2.pv2)" date="2025-12-02T15:29:00.888" /><!-- duration: 16ms -->
        <step title="Extracting 85 entries to C:\local\Temp\zipdeploy\extracted directory" date="2025-12-02T15:29:00.904" >
          <step title="Extracting to C:\local\Temp\zipdeploy\extracted\publish\appsettings.Development.json ..." date="2025-12-02T15:29:00.904" /><!-- duration: 0ms -->
          <step title="Extracting to C:\local\Temp\zipdeploy\extracted\publish\appsettings.json ..." date="2025-12-02T15:29:00.904" /><!-- duration: 0ms -->
          <step title="Extracting to C:\local\Temp\zipdeploy\extracted\publish\backend.deps.json ..." date="2025-12-02T15:29:00.904" /><!-- duration: 0ms -->
          <step title="Extracting to C:\local\Temp\zipdeploy\extracted\publish\backend.runtimeconfig.json ..." date="2025-12-02T15:29:00.919" /><!-- duration: 0ms -->
          <step title="Extracting to C:\local\Temp\zipdeploy\extracted\publish\backend.staticwebassets.endpoints.json ..." date="2025-12-02T15:29:00.919" /><!-- duration: 0ms -->
          <step title="Omitting extracting file traces ..." date="2025-12-02T15:29:00.919" /><!-- duration: 0ms -->
          <step title="Extracting to C:\local\Temp\zipdeploy\extracted\Swashbuckle.AspNetCore.Swagger.dll ..." date="2025-12-02T15:29:01.075" /><!-- duration: 0ms -->
          <step title="Extracting to C:\local\Temp\zipdeploy\extracted\Swashbuckle.AspNetCore.SwaggerGen.dll ..." date="2025-12-02T15:29:01.075" /><!-- duration: 16ms -->
          <step title="Extracting to C:\local\Temp\zipdeploy\extracted\Swashbuckle.AspNetCore.SwaggerUI.dll ..." date="2025-12-02T15:29:01.091" /><!-- duration: 0ms -->
          <step title="Extracting to C:\local\Temp\zipdeploy\extracted\System.IdentityModel.Tokens.Jwt.dll ..." date="2025-12-02T15:29:01.091" /><!-- duration: 0ms -->
          <step title="Extracting to C:\local\Temp\zipdeploy\extracted\web.config ..." date="2025-12-02T15:29:01.091" /><!-- duration: 0ms -->
        </step><!-- duration: 203ms -->
      </step><!-- duration: 219ms -->
      <step title="None repository commit" date="2025-12-02T15:29:01.107" >
        <step title="Commit id: 17189ad394154a7a9e8f7920fc5db53b" date="2025-12-02T15:29:01.107" Message="OneDeploy" AuthorName="N/A" AuthorEmail="N/A" /><!-- duration: 0ms -->
      </step><!-- duration: 0ms -->
      <step title="Before sending BuildRequestReceived status to /api/updatedeploystatus" date="2025-12-02T15:29:01.122" /><!-- duration: 0ms -->
      <step title="DeploymentManager.Deploy(id:17189ad394154a7a9e8f7920fc5db53b)" date="2025-12-02T15:29:01.122" >
        <step title="Collecting changeset information" date="2025-12-02T15:29:01.122" /><!-- duration: 16ms -->
        <step title="Updating submodules" date="2025-12-02T15:29:01.138" >
          <step title="Updating submodules." date="2025-12-02T15:29:01.154" /><!-- duration: 0ms -->
        </step><!-- duration: 16ms -->
        <step title="Preparing deployment for commit id &apos;17189ad394&apos;." date="2025-12-02T15:29:01.169" /><!-- duration: 0ms -->
        <step title="Determining deployment builder" date="2025-12-02T15:29:01.185" >
          <step title="Builder is OneDeployBuilder" date="2025-12-02T15:29:01.185" /><!-- duration: 31ms -->
        </step><!-- duration: 31ms -->
        <step title="Copying SSH keys" date="2025-12-02T15:29:01.216" /><!-- duration: 0ms -->
        <step title="Building" date="2025-12-02T15:29:01.216" >
          <step title="Running build. Project type: OneDeploy" date="2025-12-02T15:29:01.247" /><!-- duration: 0ms -->
          <step title="Copying the manifest" date="2025-12-02T15:29:01.263" /><!-- duration: 0ms -->
          <step title="Clean deploying to C:\home\site\wwwroot" date="2025-12-02T15:29:01.279" /><!-- duration: 0ms -->
          <step title="Generating deployment script." date="2025-12-02T15:29:01.294" /><!-- duration: 0ms -->
          <step title="Generating deployment script" date="2025-12-02T15:29:01.310" >
            <step title="Using cached version of the deployment script for command: -y --no-dot-deployment -r &quot;C:\local\Temp\zipdeploy\extracted&quot; -o &quot;C:\home\site\deployments\tools&quot; --basic --sitePath &quot;C:\local\Temp\zipdeploy\extracted&quot;" date="2025-12-02T15:29:01.310" /><!-- duration: 0ms -->
            <step title="Using cached version of deployment script (command: &apos;azure -y --no-dot-deployment -r &quot;C:\local\Temp\zipdeploy\extracted&quot; -o &quot;C:\home\site\deployments\tools&quot; --basic --sitePath &quot;C:\local\Temp\zipdeploy\extracted&quot;&apos;)." date="2025-12-02T15:29:01.325" /><!-- duration: 16ms -->
          </step><!-- duration: 47ms -->
          <step title="Running deployment command..." date="2025-12-02T15:29:01.388" /><!-- duration: 0ms -->
          <step title="Command: &quot;C:\home\site\deployments\tools\deploy.cmd&quot;" date="2025-12-02T15:29:01.388" /><!-- duration: 0ms -->
          <step title="Executing external process" date="2025-12-02T15:29:01.404" type="process" path="starter.cmd" arguments="&quot;C:\home\site\deployments\tools\deploy.cmd&quot;" >
            <step title="Handling Basic Web Site deployment." date="2025-12-02T15:29:01.513" /><!-- duration: 0ms -->
            <step title="Creating app_offline.htm" date="2025-12-02T15:29:04.107" /><!-- duration: 0ms -->
            <step title="KuduSync.NET from: &apos;C:\local\Temp\zipdeploy\extracted&apos; to: &apos;C:\home\site\wwwroot&apos;" date="2025-12-02T15:29:04.123" /><!-- duration: 16ms -->
            <step title="Copying file: &apos;backend.deps.json&apos;" date="2025-12-02T15:29:04.138" /><!-- duration: 0ms -->
            <step title="Copying file: &apos;backend.dll&apos;" date="2025-12-02T15:29:04.154" /><!-- duration: 0ms -->
            <step title="Copying file: &apos;backend.exe&apos;" date="2025-12-02T15:29:04.154" /><!-- duration: 0ms -->
            <step title="Copying file: &apos;backend.pdb&apos;" date="2025-12-02T15:29:04.154" /><!-- duration: 0ms -->
            <step title="Copying file: &apos;backend.runtimeconfig.json&apos;" date="2025-12-02T15:29:04.185" /><!-- duration: 0ms -->
            <step title="Copying file: &apos;EFCore.NamingConventions.dll&apos;" date="2025-12-02T15:29:04.185" /><!-- duration: 0ms -->
            <step title="Copying file: &apos;publish\publish\publish\publish\publish\publish\publish\publish\appsettings.Development.json&apos;" date="2025-12-02T15:29:04.185" /><!-- duration: 16ms -->
            <step title="Copying file: &apos;publish\publish\publish\publish\publish\publish\publish\publish\appsettings.json&apos;" date="2025-12-02T15:29:04.201" /><!-- duration: 0ms -->
            <step title="Copying file: &apos;publish\publish\publish\publish\publish\publish\publish\publish\backend.deps.json&apos;" date="2025-12-02T15:29:04.201" /><!-- duration: 0ms -->
            <step title="Copying file: &apos;publish\publish\publish\publish\publish\publish\publish\publish\backend.runtimeconfig.json&apos;" date="2025-12-02T15:29:04.216" /><!-- duration: 0ms -->
            <step title="Copying file: &apos;publish\publish\publish\publish\publish\publish\publish\publish\backend.staticwebassets.endpoints.json&apos;" date="2025-12-02T15:29:04.216" /><!-- duration: 0ms -->
            <step title="Copying file: &apos;publish\publish\publish\publish\publish\publish\publish\publish\web.config&apos;" date="2025-12-02T15:29:04.216" /><!-- duration: 0ms -->
            <step title="Deleting app_offline.htm" date="2025-12-02T15:29:04.232" /><!-- duration: 0ms -->
            <step title="Finished successfully." date="2025-12-02T15:29:04.232" /><!-- duration: 0ms -->
          </step><!-- duration: 2828ms -->
          <step title="Build completed succesfully." date="2025-12-02T15:29:04.279" /><!-- duration: 0ms -->
          <step title="Running post deployment command(s)..." date="2025-12-02T15:29:04.310" /><!-- duration: 0ms -->
          <step title="Requesting site restart" date="2025-12-02T15:29:04.341" /><!-- duration: 0ms -->
          <step title="Requesting site restart" date="2025-12-02T15:29:04.341" /><!-- duration: 0ms -->
          <step title="Requesting site restart. Attempt #1" date="2025-12-02T15:29:04.357" /><!-- duration: 0ms -->
          <step title="Requesting site restart. Attempt #1" date="2025-12-02T15:29:04.357" /><!-- duration: 0ms -->
          <step title="Successfully requested a restart. Attempt #1" date="2025-12-02T15:29:04.451" /><!-- duration: 16ms -->
          <step title="Successfully requested a restart. Attempt #1" date="2025-12-02T15:29:04.466" /><!-- duration: 0ms -->
          <step title="Deployment successful. DEPLOYMENTINFO: deploymentPath = OneDeploy, deployer = OneDeploy, os = windows, sku = Free, siteName = errando-app-01, siteHostName = errando-app-01-gqa9bvctezcgg0h4.swedencentral-01.azurewebsites.net, deploymentStatus = Success" date="2025-12-02T15:29:04.482" /><!-- duration: 0ms -->
        </step><!-- duration: 3313ms -->
      </step><!-- duration: 3407ms -->
      <step title="Cleaning up temp files" date="2025-12-02T15:29:04.529" /><!-- duration: 0ms -->
      <step title="Skip function trigger and logicapp sync because function is not enabled." date="2025-12-02T15:29:04.529" /><!-- duration: 0ms -->
    </step><!-- duration: 3703ms -->
    <step title="LockFile &apos;C:\home\site\locks\deployments.lock&apos; released" date="2025-12-02T15:29:04.545" /><!-- duration: 0ms -->
    <step title="Deleting shutdown sentinel file" date="2025-12-02T15:29:04.576" SemaphoreCount="8" /><!-- duration: 0ms -->
  </step><!-- duration: 6282ms -->
  <step title="Outgoing response" date="2025-12-02T15:29:04.576" type="response" statusCode="200" statusText="OK" Server="Microsoft-IIS/10.0" x-ms-request-id="9a91bae9-cf93-11f0-bb63-005056c00008" Cache-Control="private" X-AspNet-Version="4.0.30319" /><!-- duration: 0ms -->
</step><!-- duration: 6297ms -->
