<step title="Incoming Request" date="2025-12-02T15:19:03.041" instance="c01540" url="/api/publish?type=zip" method="POST" type="request" pid="9848,2,24" Cache-Control="no-cache" Content-Length="4136448" Content-Type="application/octet-stream" Accept="*/*" Accept-Encoding="gzip, deflate" Authorization="Bea..." Host="errando-app-01-gqa9bvctezcgg0h4.scm.swedencentral-01.azurewebsites.net" User-Agent="AZURECLI/2.79.0 (MSI)" x-ms-client-request-id="3764fecc-cf92-11f0-86cd-005056c00008" X-ARR-LOG-ID="3764fecc-cf92-11f0-86cd-005056c00008" CLIENT-IP="158.129.26.197:62484" X-SITE-DEPLOYMENT-ID="errando-app-01" WAS-DEFAULT-HOSTNAME="errando-app-01-gqa9bvctezcgg0h4.scm.swedencentral-01.azurewebsites.net" X-Forwarded-Proto="https" X-AppService-Proto="https" X-Forwarded-TlsVersion="1.3" X-WAWS-Unencoded-URL="/api/publish?type=zip" >
  <step title="Cleanup Xml Logs" date="2025-12-02T15:19:03.041" /><!-- duration: 0ms -->
  <step title="OneDeploy" date="2025-12-02T15:19:03.041" >
    <step title="Starting PushDeployAsync" date="2025-12-02T15:19:03.041" /><!-- duration: 0ms -->
    <step title="Updating shutdown sentinel last write time" date="2025-12-02T15:19:03.057" SemaphoreCount="7" /><!-- duration: 0ms -->
    <step title="LockFile &apos;C:\home\site\locks\deployments.lock&apos; acquired" date="2025-12-02T15:19:03.072" /><!-- duration: 0ms -->
    <step title="Saving request content to C:\local\Temp\zipdeploy\utiugfga.zip" date="2025-12-02T15:19:03.072" >
      <step title="Total 4,136,448 bytes written to C:\local\Temp\zipdeploy\utiugfga.zip" date="2025-12-02T15:19:05.166" /><!-- duration: 0ms -->
    </step><!-- duration: 2094ms -->
    <step title="LockFile &apos;C:\home\site\locks\deployments.lock&apos; released" date="2025-12-02T15:19:05.182" /><!-- duration: 0ms -->
    <step title="Deleting shutdown sentinel file" date="2025-12-02T15:19:05.182" SemaphoreCount="8" /><!-- duration: 0ms -->
    <step title="Starting FetchDeploy" date="2025-12-02T15:19:05.182" /><!-- duration: 0ms -->
    <step title="Attempting to fetch target branch HEAD" date="2025-12-02T15:19:05.182" /><!-- duration: 0ms -->
    <step title="Updating shutdown sentinel last write time" date="2025-12-02T15:19:05.182" SemaphoreCount="7" /><!-- duration: 16ms -->
    <step title="LockFile &apos;C:\home\site\locks\deployments.lock&apos; acquired" date="2025-12-02T15:19:05.197" /><!-- duration: 0ms -->
    <step title="Performing fetch based deployment" date="2025-12-02T15:19:05.197" >
      <step title="Creating temporary deployment" date="2025-12-02T15:19:05.197" /><!-- duration: 16ms -->
      <step title="Fetching changes." date="2025-12-02T15:19:05.229" /><!-- duration: 0ms -->
      <step title="Starting LocalZipHandler" date="2025-12-02T15:19:05.229" /><!-- duration: 0ms -->
      <step title="Starting LocalZipFetch" date="2025-12-02T15:19:05.229" /><!-- duration: 0ms -->
      <step title="Cleaning up temp folders from previous zip deployments and extracting pushed zip file C:\local\Temp\zipdeploy\utiugfga.zip (3.94 MB) to C:\local\Temp\zipdeploy\extracted" date="2025-12-02T15:19:05.229" /><!-- duration: 0ms -->
      <step title="Cleaning up temp folders from previous zip deployments and extracting pushed zip file C:\local\Temp\zipdeploy\utiugfga.zip (3.94 MB) to C:\local\Temp\zipdeploy\extracted" date="2025-12-02T15:19:05.244" >
        <step title="Renaming extractTargetDirectory(C:\local\Temp\zipdeploy\extracted) to tempDirectory(C:\local\Temp\zipdeploy\qfvohdaw.ddb)" date="2025-12-02T15:19:05.244" /><!-- duration: 0ms -->
        <step title="Extracting 66 entries to C:\local\Temp\zipdeploy\extracted directory" date="2025-12-02T15:19:05.244" >
          <step title="Extracting to C:\local\Temp\zipdeploy\extracted\publish\appsettings.Development.json ..." date="2025-12-02T15:19:05.244" /><!-- duration: 0ms -->
          <step title="Extracting to C:\local\Temp\zipdeploy\extracted\publish\appsettings.json ..." date="2025-12-02T15:19:05.244" /><!-- duration: 0ms -->
          <step title="Extracting to C:\local\Temp\zipdeploy\extracted\publish\backend.deps.json ..." date="2025-12-02T15:19:05.260" /><!-- duration: 0ms -->
          <step title="Extracting to C:\local\Temp\zipdeploy\extracted\publish\backend.runtimeconfig.json ..." date="2025-12-02T15:19:05.276" /><!-- duration: 0ms -->
          <step title="Extracting to C:\local\Temp\zipdeploy\extracted\publish\backend.staticwebassets.endpoints.json ..." date="2025-12-02T15:19:05.276" /><!-- duration: 16ms -->
          <step title="Omitting extracting file traces ..." date="2025-12-02T15:19:05.291" /><!-- duration: 0ms -->
          <step title="Extracting to C:\local\Temp\zipdeploy\extracted\Swashbuckle.AspNetCore.Swagger.dll ..." date="2025-12-02T15:19:05.432" /><!-- duration: 0ms -->
          <step title="Extracting to C:\local\Temp\zipdeploy\extracted\Swashbuckle.AspNetCore.SwaggerGen.dll ..." date="2025-12-02T15:19:05.432" /><!-- duration: 0ms -->
          <step title="Extracting to C:\local\Temp\zipdeploy\extracted\Swashbuckle.AspNetCore.SwaggerUI.dll ..." date="2025-12-02T15:19:05.432" /><!-- duration: 16ms -->
          <step title="Extracting to C:\local\Temp\zipdeploy\extracted\System.IdentityModel.Tokens.Jwt.dll ..." date="2025-12-02T15:19:05.447" /><!-- duration: 0ms -->
          <step title="Extracting to C:\local\Temp\zipdeploy\extracted\web.config ..." date="2025-12-02T15:19:05.447" /><!-- duration: 0ms -->
        </step><!-- duration: 203ms -->
      </step><!-- duration: 203ms -->
      <step title="None repository commit" date="2025-12-02T15:19:05.447" >
        <step title="Commit id: 1fc0fed3b7cf40d285f9ac646a63aee6" date="2025-12-02T15:19:05.447" Message="OneDeploy" AuthorName="N/A" AuthorEmail="N/A" /><!-- duration: 0ms -->
      </step><!-- duration: 16ms -->
      <step title="Before sending BuildRequestReceived status to /api/updatedeploystatus" date="2025-12-02T15:19:05.463" /><!-- duration: 0ms -->
      <step title="DeploymentManager.Deploy(id:1fc0fed3b7cf40d285f9ac646a63aee6)" date="2025-12-02T15:19:05.463" >
        <step title="Collecting changeset information" date="2025-12-02T15:19:05.463" /><!-- duration: 16ms -->
        <step title="Updating submodules" date="2025-12-02T15:19:05.479" >
          <step title="Updating submodules." date="2025-12-02T15:19:05.494" /><!-- duration: 0ms -->
        </step><!-- duration: 16ms -->
        <step title="Preparing deployment for commit id &apos;1fc0fed3b7&apos;." date="2025-12-02T15:19:05.510" /><!-- duration: 16ms -->
        <step title="Determining deployment builder" date="2025-12-02T15:19:05.541" >
          <step title="Builder is OneDeployBuilder" date="2025-12-02T15:19:05.541" /><!-- duration: 16ms -->
        </step><!-- duration: 16ms -->
        <step title="Copying SSH keys" date="2025-12-02T15:19:05.557" /><!-- duration: 0ms -->
        <step title="Building" date="2025-12-02T15:19:05.557" >
          <step title="Running build. Project type: OneDeploy" date="2025-12-02T15:19:05.572" /><!-- duration: 0ms -->
          <step title="Copying the manifest" date="2025-12-02T15:19:05.588" /><!-- duration: 0ms -->
          <step title="Clean deploying to C:\home\site\wwwroot" date="2025-12-02T15:19:05.604" /><!-- duration: 0ms -->
          <step title="Generating deployment script." date="2025-12-02T15:19:05.619" /><!-- duration: 0ms -->
          <step title="Generating deployment script" date="2025-12-02T15:19:05.635" >
            <step title="Using cached version of the deployment script for command: -y --no-dot-deployment -r &quot;C:\local\Temp\zipdeploy\extracted&quot; -o &quot;C:\home\site\deployments\tools&quot; --basic --sitePath &quot;C:\local\Temp\zipdeploy\extracted&quot;" date="2025-12-02T15:19:05.635" /><!-- duration: 0ms -->
            <step title="Using cached version of deployment script (command: &apos;azure -y --no-dot-deployment -r &quot;C:\local\Temp\zipdeploy\extracted&quot; -o &quot;C:\home\site\deployments\tools&quot; --basic --sitePath &quot;C:\local\Temp\zipdeploy\extracted&quot;&apos;)." date="2025-12-02T15:19:05.651" /><!-- duration: 0ms -->
          </step><!-- duration: 47ms -->
          <step title="Running deployment command..." date="2025-12-02T15:19:05.697" /><!-- duration: 0ms -->
          <step title="Command: &quot;C:\home\site\deployments\tools\deploy.cmd&quot;" date="2025-12-02T15:19:05.697" /><!-- duration: 0ms -->
          <step title="Executing external process" date="2025-12-02T15:19:05.713" type="process" path="starter.cmd" arguments="&quot;C:\home\site\deployments\tools\deploy.cmd&quot;" >
            <step title="Handling Basic Web Site deployment." date="2025-12-02T15:19:05.807" /><!-- duration: 0ms -->
            <step title="Creating app_offline.htm" date="2025-12-02T15:19:05.963" /><!-- duration: 0ms -->
            <step title="KuduSync.NET from: &apos;C:\local\Temp\zipdeploy\extracted&apos; to: &apos;C:\home\site\wwwroot&apos;" date="2025-12-02T15:19:05.979" /><!-- duration: 0ms -->
            <step title="Copying file: &apos;backend.dll&apos;" date="2025-12-02T15:19:05.979" /><!-- duration: 0ms -->
            <step title="Copying file: &apos;backend.exe&apos;" date="2025-12-02T15:19:05.995" /><!-- duration: 0ms -->
            <step title="Copying file: &apos;backend.pdb&apos;" date="2025-12-02T15:19:05.995" /><!-- duration: 0ms -->
            <step title="Copying file: &apos;publish\publish\publish\publish\publish\appsettings.Development.json&apos;" date="2025-12-02T15:19:05.995" /><!-- duration: 0ms -->
            <step title="Copying file: &apos;publish\publish\publish\publish\publish\appsettings.json&apos;" date="2025-12-02T15:19:06.010" /><!-- duration: 0ms -->
            <step title="Copying file: &apos;publish\publish\publish\publish\publish\backend.deps.json&apos;" date="2025-12-02T15:19:06.010" /><!-- duration: 0ms -->
            <step title="Copying file: &apos;publish\publish\publish\publish\publish\backend.runtimeconfig.json&apos;" date="2025-12-02T15:19:06.010" /><!-- duration: 0ms -->
            <step title="Copying file: &apos;publish\publish\publish\publish\publish\backend.staticwebassets.endpoints.json&apos;" date="2025-12-02T15:19:06.026" /><!-- duration: 0ms -->
            <step title="Copying file: &apos;publish\publish\publish\publish\publish\web.config&apos;" date="2025-12-02T15:19:06.026" /><!-- duration: 31ms -->
            <step title="Deleting app_offline.htm" date="2025-12-02T15:19:06.057" /><!-- duration: 0ms -->
            <step title="Finished successfully." date="2025-12-02T15:19:06.073" /><!-- duration: 0ms -->
          </step><!-- duration: 360ms -->
          <step title="Build completed succesfully." date="2025-12-02T15:19:06.089" /><!-- duration: 0ms -->
          <step title="Running post deployment command(s)..." date="2025-12-02T15:19:06.120" /><!-- duration: 0ms -->
          <step title="Requesting site restart" date="2025-12-02T15:19:06.183" /><!-- duration: 0ms -->
          <step title="Requesting site restart" date="2025-12-02T15:19:06.183" /><!-- duration: 0ms -->
          <step title="Requesting site restart. Attempt #1" date="2025-12-02T15:19:06.198" /><!-- duration: 0ms -->
          <step title="Requesting site restart. Attempt #1" date="2025-12-02T15:19:06.198" /><!-- duration: 0ms -->
          <step title="Successfully requested a restart. Attempt #1" date="2025-12-02T15:19:06.276" /><!-- duration: 0ms -->
          <step title="Successfully requested a restart. Attempt #1" date="2025-12-02T15:19:06.276" /><!-- duration: 0ms -->
          <step title="Deployment successful. DEPLOYMENTINFO: deploymentPath = OneDeploy, deployer = OneDeploy, os = windows, sku = Free, siteName = errando-app-01, siteHostName = errando-app-01-gqa9bvctezcgg0h4.swedencentral-01.azurewebsites.net, deploymentStatus = Success" date="2025-12-02T15:19:06.308" /><!-- duration: 0ms -->
        </step><!-- duration: 798ms -->
      </step><!-- duration: 891ms -->
      <step title="Cleaning up temp files" date="2025-12-02T15:19:06.355" /><!-- duration: 0ms -->
      <step title="Skip function trigger and logicapp sync because function is not enabled." date="2025-12-02T15:19:06.355" /><!-- duration: 0ms -->
    </step><!-- duration: 1173ms -->
    <step title="LockFile &apos;C:\home\site\locks\deployments.lock&apos; released" date="2025-12-02T15:19:06.386" /><!-- duration: 0ms -->
    <step title="Deleting shutdown sentinel file" date="2025-12-02T15:19:06.386" SemaphoreCount="8" /><!-- duration: 0ms -->
  </step><!-- duration: 3345ms -->
  <step title="Outgoing response" date="2025-12-02T15:19:06.386" type="response" statusCode="200" statusText="OK" Server="Microsoft-IIS/10.0" x-ms-request-id="3764fecc-cf92-11f0-86cd-005056c00008" Cache-Control="private" X-AspNet-Version="4.0.30319" /><!-- duration: 0ms -->
</step><!-- duration: 3345ms -->
