<step title="Incoming Request" date="2025-12-02T15:21:50.480" instance="c01540" url="/api/publish?type=zip" method="POST" type="request" pid="9848,2,41" Cache-Control="no-cache" Content-Length="4155362" Content-Type="application/octet-stream" Accept="*/*" Accept-Encoding="gzip, deflate" Authorization="Bea..." Host="errando-app-01-gqa9bvctezcgg0h4.scm.swedencentral-01.azurewebsites.net" User-Agent="AZURECLI/2.79.0 (MSI)" x-ms-client-request-id="9bd915c5-cf92-11f0-9fb1-005056c00008" X-ARR-LOG-ID="9bd915c5-cf92-11f0-9fb1-005056c00008" CLIENT-IP="158.129.26.197:61537" X-SITE-DEPLOYMENT-ID="errando-app-01" WAS-DEFAULT-HOSTNAME="errando-app-01-gqa9bvctezcgg0h4.scm.swedencentral-01.azurewebsites.net" X-Forwarded-Proto="https" X-AppService-Proto="https" X-Forwarded-TlsVersion="1.3" X-WAWS-Unencoded-URL="/api/publish?type=zip" >
  <step title="Cleanup Xml Logs" date="2025-12-02T15:21:50.480" /><!-- duration: 0ms -->
  <step title="OneDeploy" date="2025-12-02T15:21:50.480" >
    <step title="Starting PushDeployAsync" date="2025-12-02T15:21:50.496" /><!-- duration: 0ms -->
    <step title="Updating shutdown sentinel last write time" date="2025-12-02T15:21:50.496" SemaphoreCount="7" /><!-- duration: 0ms -->
    <step title="LockFile &apos;C:\home\site\locks\deployments.lock&apos; acquired" date="2025-12-02T15:21:50.496" /><!-- duration: 0ms -->
    <step title="Saving request content to C:\local\Temp\zipdeploy\jduczx2q.zip" date="2025-12-02T15:21:50.496" >
      <step title="Total 4,155,362 bytes written to C:\local\Temp\zipdeploy\jduczx2q.zip" date="2025-12-02T15:21:53.230" /><!-- duration: 0ms -->
    </step><!-- duration: 2734ms -->
    <step title="LockFile &apos;C:\home\site\locks\deployments.lock&apos; released" date="2025-12-02T15:21:53.230" /><!-- duration: 0ms -->
    <step title="Deleting shutdown sentinel file" date="2025-12-02T15:21:53.230" SemaphoreCount="8" /><!-- duration: 0ms -->
    <step title="Starting FetchDeploy" date="2025-12-02T15:21:53.230" /><!-- duration: 0ms -->
    <step title="Attempting to fetch target branch HEAD" date="2025-12-02T15:21:53.246" /><!-- duration: 31ms -->
    <step title="Updating shutdown sentinel last write time" date="2025-12-02T15:21:53.277" SemaphoreCount="7" /><!-- duration: 0ms -->
    <step title="LockFile &apos;C:\home\site\locks\deployments.lock&apos; acquired" date="2025-12-02T15:21:53.277" /><!-- duration: 0ms -->
    <step title="Performing fetch based deployment" date="2025-12-02T15:21:53.277" >
      <step title="Creating temporary deployment" date="2025-12-02T15:21:53.277" /><!-- duration: 16ms -->
      <step title="Fetching changes." date="2025-12-02T15:21:53.308" /><!-- duration: 0ms -->
      <step title="Starting LocalZipHandler" date="2025-12-02T15:21:53.308" /><!-- duration: 0ms -->
      <step title="Starting LocalZipFetch" date="2025-12-02T15:21:53.308" /><!-- duration: 16ms -->
      <step title="Cleaning up temp folders from previous zip deployments and extracting pushed zip file C:\local\Temp\zipdeploy\jduczx2q.zip (3.96 MB) to C:\local\Temp\zipdeploy\extracted" date="2025-12-02T15:21:53.324" /><!-- duration: 0ms -->
      <step title="Cleaning up temp folders from previous zip deployments and extracting pushed zip file C:\local\Temp\zipdeploy\jduczx2q.zip (3.96 MB) to C:\local\Temp\zipdeploy\extracted" date="2025-12-02T15:21:53.324" >
        <step title="Renaming extractTargetDirectory(C:\local\Temp\zipdeploy\extracted) to tempDirectory(C:\local\Temp\zipdeploy\tsjn1mmc.x1s)" date="2025-12-02T15:21:53.324" /><!-- duration: 0ms -->
        <step title="Extracting 78 entries to C:\local\Temp\zipdeploy\extracted directory" date="2025-12-02T15:21:53.324" >
          <step title="Extracting to C:\local\Temp\zipdeploy\extracted\publish\appsettings.Development.json ..." date="2025-12-02T15:21:53.324" /><!-- duration: 16ms -->
          <step title="Extracting to C:\local\Temp\zipdeploy\extracted\publish\appsettings.json ..." date="2025-12-02T15:21:53.340" /><!-- duration: 0ms -->
          <step title="Extracting to C:\local\Temp\zipdeploy\extracted\publish\backend.deps.json ..." date="2025-12-02T15:21:53.340" /><!-- duration: 0ms -->
          <step title="Extracting to C:\local\Temp\zipdeploy\extracted\publish\backend.runtimeconfig.json ..." date="2025-12-02T15:21:53.340" /><!-- duration: 0ms -->
          <step title="Extracting to C:\local\Temp\zipdeploy\extracted\publish\backend.staticwebassets.endpoints.json ..." date="2025-12-02T15:21:53.340" /><!-- duration: 16ms -->
          <step title="Omitting extracting file traces ..." date="2025-12-02T15:21:53.355" /><!-- duration: 0ms -->
          <step title="Extracting to C:\local\Temp\zipdeploy\extracted\Swashbuckle.AspNetCore.Swagger.dll ..." date="2025-12-02T15:21:53.496" /><!-- duration: 0ms -->
          <step title="Extracting to C:\local\Temp\zipdeploy\extracted\Swashbuckle.AspNetCore.SwaggerGen.dll ..." date="2025-12-02T15:21:53.496" /><!-- duration: 16ms -->
          <step title="Extracting to C:\local\Temp\zipdeploy\extracted\Swashbuckle.AspNetCore.SwaggerUI.dll ..." date="2025-12-02T15:21:53.527" /><!-- duration: 0ms -->
          <step title="Extracting to C:\local\Temp\zipdeploy\extracted\System.IdentityModel.Tokens.Jwt.dll ..." date="2025-12-02T15:21:53.527" /><!-- duration: 16ms -->
          <step title="Extracting to C:\local\Temp\zipdeploy\extracted\web.config ..." date="2025-12-02T15:21:53.543" /><!-- duration: 0ms -->
        </step><!-- duration: 219ms -->
      </step><!-- duration: 219ms -->
      <step title="None repository commit" date="2025-12-02T15:21:53.543" >
        <step title="Commit id: e11370e492d84f30b8a9e724d0a8d150" date="2025-12-02T15:21:53.543" Message="OneDeploy" AuthorName="N/A" AuthorEmail="N/A" /><!-- duration: 0ms -->
      </step><!-- duration: 0ms -->
      <step title="Before sending BuildRequestReceived status to /api/updatedeploystatus" date="2025-12-02T15:21:53.543" /><!-- duration: 16ms -->
      <step title="DeploymentManager.Deploy(id:e11370e492d84f30b8a9e724d0a8d150)" date="2025-12-02T15:21:53.558" >
        <step title="Collecting changeset information" date="2025-12-02T15:21:53.558" /><!-- duration: 31ms -->
        <step title="Updating submodules" date="2025-12-02T15:21:53.590" >
          <step title="Updating submodules." date="2025-12-02T15:21:53.605" /><!-- duration: 0ms -->
        </step><!-- duration: 16ms -->
        <step title="Preparing deployment for commit id &apos;e11370e492&apos;." date="2025-12-02T15:21:53.621" /><!-- duration: 0ms -->
        <step title="Determining deployment builder" date="2025-12-02T15:21:53.636" >
          <step title="Builder is OneDeployBuilder" date="2025-12-02T15:21:53.636" /><!-- duration: 0ms -->
        </step><!-- duration: 16ms -->
        <step title="Copying SSH keys" date="2025-12-02T15:21:53.652" /><!-- duration: 0ms -->
        <step title="Building" date="2025-12-02T15:21:53.652" >
          <step title="Running build. Project type: OneDeploy" date="2025-12-02T15:21:53.668" /><!-- duration: 0ms -->
          <step title="Copying the manifest" date="2025-12-02T15:21:53.683" /><!-- duration: 0ms -->
          <step title="Clean deploying to C:\home\site\wwwroot" date="2025-12-02T15:21:53.699" /><!-- duration: 0ms -->
          <step title="Generating deployment script." date="2025-12-02T15:21:53.715" /><!-- duration: 0ms -->
          <step title="Generating deployment script" date="2025-12-02T15:21:53.715" >
            <step title="Using cached version of the deployment script for command: -y --no-dot-deployment -r &quot;C:\local\Temp\zipdeploy\extracted&quot; -o &quot;C:\home\site\deployments\tools&quot; --basic --sitePath &quot;C:\local\Temp\zipdeploy\extracted&quot;" date="2025-12-02T15:21:53.730" /><!-- duration: 0ms -->
            <step title="Using cached version of deployment script (command: &apos;azure -y --no-dot-deployment -r &quot;C:\local\Temp\zipdeploy\extracted&quot; -o &quot;C:\home\site\deployments\tools&quot; --basic --sitePath &quot;C:\local\Temp\zipdeploy\extracted&quot;&apos;)." date="2025-12-02T15:21:53.762" /><!-- duration: 63ms -->
          </step><!-- duration: 125ms -->
          <step title="Running deployment command..." date="2025-12-02T15:21:53.855" /><!-- duration: 0ms -->
          <step title="Command: &quot;C:\home\site\deployments\tools\deploy.cmd&quot;" date="2025-12-02T15:21:53.871" /><!-- duration: 0ms -->
          <step title="Executing external process" date="2025-12-02T15:21:53.871" type="process" path="starter.cmd" arguments="&quot;C:\home\site\deployments\tools\deploy.cmd&quot;" >
            <step title="Handling Basic Web Site deployment." date="2025-12-02T15:21:53.980" /><!-- duration: 0ms -->
            <step title="Creating app_offline.htm" date="2025-12-02T15:21:54.168" /><!-- duration: 0ms -->
            <step title="KuduSync.NET from: &apos;C:\local\Temp\zipdeploy\extracted&apos; to: &apos;C:\home\site\wwwroot&apos;" date="2025-12-02T15:21:54.168" /><!-- duration: 0ms -->
            <step title="Copying file: &apos;backend.dll&apos;" date="2025-12-02T15:21:54.183" /><!-- duration: 0ms -->
            <step title="Copying file: &apos;backend.exe&apos;" date="2025-12-02T15:21:54.183" /><!-- duration: 0ms -->
            <step title="Copying file: &apos;backend.pdb&apos;" date="2025-12-02T15:21:54.199" /><!-- duration: 0ms -->
            <step title="Copying file: &apos;publish\publish\publish\publish\publish\publish\appsettings.Development.json&apos;" date="2025-12-02T15:21:54.199" /><!-- duration: 0ms -->
            <step title="Copying file: &apos;publish\publish\publish\publish\publish\publish\appsettings.json&apos;" date="2025-12-02T15:21:54.199" /><!-- duration: 0ms -->
            <step title="Copying file: &apos;publish\publish\publish\publish\publish\publish\backend.deps.json&apos;" date="2025-12-02T15:21:54.215" /><!-- duration: 0ms -->
            <step title="Copying file: &apos;publish\publish\publish\publish\publish\publish\backend.runtimeconfig.json&apos;" date="2025-12-02T15:21:54.215" /><!-- duration: 0ms -->
            <step title="Copying file: &apos;publish\publish\publish\publish\publish\publish\backend.staticwebassets.endpoints.json&apos;" date="2025-12-02T15:21:54.215" /><!-- duration: 0ms -->
            <step title="Copying file: &apos;publish\publish\publish\publish\publish\publish\publish\appsettings.Development.json&apos;" date="2025-12-02T15:21:54.230" /><!-- duration: 0ms -->
            <step title="Copying file: &apos;publish\publish\publish\publish\publish\publish\publish\appsettings.json&apos;" date="2025-12-02T15:21:54.230" /><!-- duration: 0ms -->
            <step title="Copying file: &apos;publish\publish\publish\publish\publish\publish\publish\backend.deps.json&apos;" date="2025-12-02T15:21:54.230" /><!-- duration: 0ms -->
            <step title="Copying file: &apos;publish\publish\publish\publish\publish\publish\publish\backend.runtimeconfig.json&apos;" date="2025-12-02T15:21:54.246" /><!-- duration: 0ms -->
            <step title="Copying file: &apos;publish\publish\publish\publish\publish\publish\publish\backend.staticwebassets.endpoints.json&apos;" date="2025-12-02T15:21:54.246" /><!-- duration: 0ms -->
            <step title="Copying file: &apos;publish\publish\publish\publish\publish\publish\web.config&apos;" date="2025-12-02T15:21:54.246" /><!-- duration: 16ms -->
            <step title="Copying file: &apos;publish\publish\publish\publish\publish\publish\publish\web.config&apos;" date="2025-12-02T15:21:54.277" /><!-- duration: 16ms -->
            <step title="Deleting app_offline.htm" date="2025-12-02T15:21:54.293" /><!-- duration: 0ms -->
            <step title="Finished successfully." date="2025-12-02T15:21:54.308" /><!-- duration: 0ms -->
          </step><!-- duration: 438ms -->
          <step title="Build completed succesfully." date="2025-12-02T15:21:54.324" /><!-- duration: 0ms -->
          <step title="Running post deployment command(s)..." date="2025-12-02T15:21:54.340" /><!-- duration: 0ms -->
          <step title="Requesting site restart" date="2025-12-02T15:21:54.355" /><!-- duration: 0ms -->
          <step title="Requesting site restart" date="2025-12-02T15:21:54.355" /><!-- duration: 16ms -->
          <step title="Requesting site restart. Attempt #1" date="2025-12-02T15:21:54.371" /><!-- duration: 0ms -->
          <step title="Requesting site restart. Attempt #1" date="2025-12-02T15:21:54.387" /><!-- duration: 0ms -->
          <step title="Successfully requested a restart. Attempt #1" date="2025-12-02T15:21:54.465" /><!-- duration: 16ms -->
          <step title="Successfully requested a restart. Attempt #1" date="2025-12-02T15:21:54.480" /><!-- duration: 0ms -->
          <step title="Deployment successful. DEPLOYMENTINFO: deploymentPath = OneDeploy, deployer = OneDeploy, os = windows, sku = Free, siteName = errando-app-01, siteHostName = errando-app-01-gqa9bvctezcgg0h4.swedencentral-01.azurewebsites.net, deploymentStatus = Success" date="2025-12-02T15:21:54.496" /><!-- duration: 0ms -->
        </step><!-- duration: 906ms -->
      </step><!-- duration: 1000ms -->
      <step title="Cleaning up temp files" date="2025-12-02T15:21:54.558" /><!-- duration: 16ms -->
      <step title="Skip function trigger and logicapp sync because function is not enabled." date="2025-12-02T15:21:54.574" /><!-- duration: 0ms -->
    </step><!-- duration: 1313ms -->
    <step title="LockFile &apos;C:\home\site\locks\deployments.lock&apos; released" date="2025-12-02T15:21:54.590" /><!-- duration: 0ms -->
    <step title="Deleting shutdown sentinel file" date="2025-12-02T15:21:54.590" SemaphoreCount="8" /><!-- duration: 0ms -->
  </step><!-- duration: 4110ms -->
  <step title="Outgoing response" date="2025-12-02T15:21:54.590" type="response" statusCode="200" statusText="OK" Server="Microsoft-IIS/10.0" x-ms-request-id="9bd915c5-cf92-11f0-9fb1-005056c00008" Cache-Control="private" X-AspNet-Version="4.0.30319" /><!-- duration: 16ms -->
</step><!-- duration: 4125ms -->
