<step title="Incoming Request" date="2025-11-10T18:42:58.249" instance="92ca53" url="/api/publish?type=zip" method="POST" type="request" pid="10164,2,52" Cache-Control="no-cache" Content-Length="4120035" Content-Type="application/octet-stream" Accept="*/*" Accept-Encoding="gzip, deflate" Authorization="Bea..." Host="errando-app-01-gqa9bvctezcgg0h4.scm.swedencentral-01.azurewebsites.net" User-Agent="AZURECLI/2.79.0 (MSI)" x-ms-client-request-id="1064b945-be65-11f0-a899-005056c00008" X-ARR-LOG-ID="1064b945-be65-11f0-a899-005056c00008" CLIENT-IP="158.129.26.197:54446" X-SITE-DEPLOYMENT-ID="errando-app-01" WAS-DEFAULT-HOSTNAME="errando-app-01-gqa9bvctezcgg0h4.scm.swedencentral-01.azurewebsites.net" X-Forwarded-Proto="https" X-AppService-Proto="https" X-Forwarded-TlsVersion="1.3" X-WAWS-Unencoded-URL="/api/publish?type=zip" >
  <step title="Cleanup Xml Logs" date="2025-11-10T18:42:58.249" /><!-- duration: 16ms -->
  <step title="OneDeploy" date="2025-11-10T18:42:58.264" >
    <step title="Starting PushDeployAsync" date="2025-11-10T18:42:58.280" /><!-- duration: 16ms -->
    <step title="Updating shutdown sentinel last write time" date="2025-11-10T18:42:58.296" SemaphoreCount="7" /><!-- duration: 16ms -->
    <step title="LockFile &apos;C:\home\site\locks\deployments.lock&apos; acquired" date="2025-11-10T18:42:58.311" /><!-- duration: 16ms -->
    <step title="Saving request content to C:\local\Temp\zipdeploy\23jezlyy.zip" date="2025-11-10T18:42:58.327" >
      <step title="Total 4,120,035 bytes written to C:\local\Temp\zipdeploy\23jezlyy.zip" date="2025-11-10T18:43:03.155" /><!-- duration: 0ms -->
    </step><!-- duration: 4844ms -->
    <step title="LockFile &apos;C:\home\site\locks\deployments.lock&apos; released" date="2025-11-10T18:43:03.171" /><!-- duration: 0ms -->
    <step title="Deleting shutdown sentinel file" date="2025-11-10T18:43:03.186" SemaphoreCount="8" /><!-- duration: 0ms -->
    <step title="Starting FetchDeploy" date="2025-11-10T18:43:03.186" /><!-- duration: 0ms -->
    <step title="Attempting to fetch target branch HEAD" date="2025-11-10T18:43:03.202" /><!-- duration: 0ms -->
    <step title="Updating shutdown sentinel last write time" date="2025-11-10T18:43:03.202" SemaphoreCount="7" /><!-- duration: 16ms -->
    <step title="LockFile &apos;C:\home\site\locks\deployments.lock&apos; acquired" date="2025-11-10T18:43:03.217" /><!-- duration: 16ms -->
    <step title="Performing fetch based deployment" date="2025-11-10T18:43:03.233" >
      <step title="Creating temporary deployment" date="2025-11-10T18:43:03.233" /><!-- duration: 31ms -->
      <step title="Fetching changes." date="2025-11-10T18:43:03.311" /><!-- duration: 0ms -->
      <step title="Starting LocalZipHandler" date="2025-11-10T18:43:03.311" /><!-- duration: 16ms -->
      <step title="Starting LocalZipFetch" date="2025-11-10T18:43:03.327" /><!-- duration: 0ms -->
      <step title="Cleaning up temp folders from previous zip deployments and extracting pushed zip file C:\local\Temp\zipdeploy\23jezlyy.zip (3.93 MB) to C:\local\Temp\zipdeploy\extracted" date="2025-11-10T18:43:03.342" /><!-- duration: 0ms -->
      <step title="Cleaning up temp folders from previous zip deployments and extracting pushed zip file C:\local\Temp\zipdeploy\23jezlyy.zip (3.93 MB) to C:\local\Temp\zipdeploy\extracted" date="2025-11-10T18:43:03.342" >
        <step title="Renaming extractTargetDirectory(C:\local\Temp\zipdeploy\extracted) to tempDirectory(C:\local\Temp\zipdeploy\utw3cwrl.0y3)" date="2025-11-10T18:43:03.358" /><!-- duration: 0ms -->
        <step title="Extracting 54 entries to C:\local\Temp\zipdeploy\extracted directory" date="2025-11-10T18:43:03.358" >
          <step title="Extracting to C:\local\Temp\zipdeploy\extracted\publish\appsettings.Development.json ..." date="2025-11-10T18:43:03.358" /><!-- duration: 16ms -->
          <step title="Extracting to C:\local\Temp\zipdeploy\extracted\publish\appsettings.json ..." date="2025-11-10T18:43:03.374" /><!-- duration: 0ms -->
          <step title="Extracting to C:\local\Temp\zipdeploy\extracted\publish\backend.deps.json ..." date="2025-11-10T18:43:03.389" /><!-- duration: 0ms -->
          <step title="Extracting to C:\local\Temp\zipdeploy\extracted\publish\backend.runtimeconfig.json ..." date="2025-11-10T18:43:03.389" /><!-- duration: 0ms -->
          <step title="Extracting to C:\local\Temp\zipdeploy\extracted\publish\backend.staticwebassets.endpoints.json ..." date="2025-11-10T18:43:03.405" /><!-- duration: 0ms -->
          <step title="Omitting extracting file traces ..." date="2025-11-10T18:43:03.405" /><!-- duration: 0ms -->
          <step title="Extracting to C:\local\Temp\zipdeploy\extracted\Swashbuckle.AspNetCore.Swagger.dll ..." date="2025-11-10T18:43:03.546" /><!-- duration: 0ms -->
          <step title="Extracting to C:\local\Temp\zipdeploy\extracted\Swashbuckle.AspNetCore.SwaggerGen.dll ..." date="2025-11-10T18:43:03.546" /><!-- duration: 16ms -->
          <step title="Extracting to C:\local\Temp\zipdeploy\extracted\Swashbuckle.AspNetCore.SwaggerUI.dll ..." date="2025-11-10T18:43:03.561" /><!-- duration: 16ms -->
          <step title="Extracting to C:\local\Temp\zipdeploy\extracted\System.IdentityModel.Tokens.Jwt.dll ..." date="2025-11-10T18:43:03.577" /><!-- duration: 0ms -->
          <step title="Extracting to C:\local\Temp\zipdeploy\extracted\web.config ..." date="2025-11-10T18:43:03.592" /><!-- duration: 0ms -->
        </step><!-- duration: 234ms -->
      </step><!-- duration: 250ms -->
      <step title="None repository commit" date="2025-11-10T18:43:03.592" >
        <step title="Commit id: 17a131f69cfc429c9f0464aa0b6d20bb" date="2025-11-10T18:43:03.608" Message="OneDeploy" AuthorName="N/A" AuthorEmail="N/A" /><!-- duration: 0ms -->
      </step><!-- duration: 16ms -->
      <step title="Before sending BuildRequestReceived status to /api/updatedeploystatus" date="2025-11-10T18:43:03.608" /><!-- duration: 16ms -->
      <step title="DeploymentManager.Deploy(id:17a131f69cfc429c9f0464aa0b6d20bb)" date="2025-11-10T18:43:03.624" >
        <step title="Collecting changeset information" date="2025-11-10T18:43:03.639" /><!-- duration: 31ms -->
        <step title="Updating submodules" date="2025-11-10T18:43:03.686" >
          <step title="Updating submodules." date="2025-11-10T18:43:03.717" /><!-- duration: 0ms -->
        </step><!-- duration: 47ms -->
        <step title="Preparing deployment for commit id &apos;17a131f69c&apos;." date="2025-11-10T18:43:03.764" /><!-- duration: 0ms -->
        <step title="Determining deployment builder" date="2025-11-10T18:43:03.796" >
          <step title="Builder is OneDeployBuilder" date="2025-11-10T18:43:03.796" /><!-- duration: 16ms -->
        </step><!-- duration: 16ms -->
        <step title="Copying SSH keys" date="2025-11-10T18:43:03.827" /><!-- duration: 0ms -->
        <step title="Building" date="2025-11-10T18:43:03.842" >
          <step title="Running build. Project type: OneDeploy" date="2025-11-10T18:43:03.874" /><!-- duration: 0ms -->
          <step title="Copying the manifest" date="2025-11-10T18:43:03.921" /><!-- duration: 0ms -->
          <step title="Clean deploying to C:\home\site\wwwroot" date="2025-11-10T18:43:03.983" /><!-- duration: 0ms -->
          <step title="Generating deployment script." date="2025-11-10T18:43:04.030" /><!-- duration: 0ms -->
          <step title="Generating deployment script" date="2025-11-10T18:43:04.046" >
            <step title="Using cached version of the deployment script for command: -y --no-dot-deployment -r &quot;C:\local\Temp\zipdeploy\extracted&quot; -o &quot;C:\home\site\deployments\tools&quot; --basic --sitePath &quot;C:\local\Temp\zipdeploy\extracted&quot;" date="2025-11-10T18:43:04.061" /><!-- duration: 0ms -->
            <step title="Using cached version of deployment script (command: &apos;azure -y --no-dot-deployment -r &quot;C:\local\Temp\zipdeploy\extracted&quot; -o &quot;C:\home\site\deployments\tools&quot; --basic --sitePath &quot;C:\local\Temp\zipdeploy\extracted&quot;&apos;)." date="2025-11-10T18:43:04.092" /><!-- duration: 0ms -->
          </step><!-- duration: 63ms -->
          <step title="Running deployment command..." date="2025-11-10T18:43:04.155" /><!-- duration: 0ms -->
          <step title="Command: &quot;C:\home\site\deployments\tools\deploy.cmd&quot;" date="2025-11-10T18:43:04.171" /><!-- duration: 0ms -->
          <step title="Executing external process" date="2025-11-10T18:43:04.186" type="process" path="starter.cmd" arguments="&quot;C:\home\site\deployments\tools\deploy.cmd&quot;" >
            <step title="Handling Basic Web Site deployment." date="2025-11-10T18:43:04.280" /><!-- duration: 16ms -->
            <step title="Creating app_offline.htm" date="2025-11-10T18:43:04.514" /><!-- duration: 16ms -->
            <step title="KuduSync.NET from: &apos;C:\local\Temp\zipdeploy\extracted&apos; to: &apos;C:\home\site\wwwroot&apos;" date="2025-11-10T18:43:04.530" /><!-- duration: 16ms -->
            <step title="Copying file: &apos;backend.dll&apos;" date="2025-11-10T18:43:04.546" /><!-- duration: 16ms -->
            <step title="Copying file: &apos;backend.exe&apos;" date="2025-11-10T18:43:04.561" /><!-- duration: 16ms -->
            <step title="Copying file: &apos;backend.pdb&apos;" date="2025-11-10T18:43:04.577" /><!-- duration: 16ms -->
            <step title="Copying file: &apos;publish\publish\publish\appsettings.Development.json&apos;" date="2025-11-10T18:43:04.592" /><!-- duration: 16ms -->
            <step title="Copying file: &apos;publish\publish\publish\appsettings.json&apos;" date="2025-11-10T18:43:04.608" /><!-- duration: 16ms -->
            <step title="Copying file: &apos;publish\publish\publish\backend.deps.json&apos;" date="2025-11-10T18:43:04.624" /><!-- duration: 16ms -->
            <step title="Copying file: &apos;publish\publish\publish\backend.runtimeconfig.json&apos;" date="2025-11-10T18:43:04.639" /><!-- duration: 16ms -->
            <step title="Copying file: &apos;publish\publish\publish\backend.staticwebassets.endpoints.json&apos;" date="2025-11-10T18:43:04.655" /><!-- duration: 16ms -->
            <step title="Copying file: &apos;publish\publish\publish\web.config&apos;" date="2025-11-10T18:43:04.671" /><!-- duration: 16ms -->
            <step title="Deleting app_offline.htm" date="2025-11-10T18:43:04.702" /><!-- duration: 16ms -->
            <step title="Finished successfully." date="2025-11-10T18:43:04.717" /><!-- duration: 0ms -->
          </step><!-- duration: 547ms -->
          <step title="Build completed succesfully." date="2025-11-10T18:43:04.764" /><!-- duration: 0ms -->
          <step title="Running post deployment command(s)..." date="2025-11-10T18:43:04.827" /><!-- duration: 0ms -->
          <step title="Requesting site restart" date="2025-11-10T18:43:04.858" /><!-- duration: 16ms -->
          <step title="Requesting site restart" date="2025-11-10T18:43:04.874" /><!-- duration: 0ms -->
          <step title="Requesting site restart. Attempt #1" date="2025-11-10T18:43:04.921" /><!-- duration: 0ms -->
          <step title="Requesting site restart. Attempt #1" date="2025-11-10T18:43:04.936" /><!-- duration: 0ms -->
          <step title="Successfully requested a restart. Attempt #1" date="2025-11-10T18:43:05.092" /><!-- duration: 0ms -->
          <step title="Successfully requested a restart. Attempt #1" date="2025-11-10T18:43:05.108" /><!-- duration: 0ms -->
          <step title="Deployment successful. DEPLOYMENTINFO: deploymentPath = OneDeploy, deployer = OneDeploy, os = windows, sku = Free, siteName = errando-app-01, siteHostName = errando-app-01-gqa9bvctezcgg0h4.swedencentral-01.azurewebsites.net, deploymentStatus = Success" date="2025-11-10T18:43:05.155" /><!-- duration: 0ms -->
        </step><!-- duration: 1406ms -->
      </step><!-- duration: 1625ms -->
      <step title="Cleaning up temp files" date="2025-11-10T18:43:05.249" /><!-- duration: 16ms -->
      <step title="Skip function trigger and logicapp sync because function is not enabled." date="2025-11-10T18:43:05.264" /><!-- duration: 0ms -->
    </step><!-- duration: 2063ms -->
    <step title="LockFile &apos;C:\home\site\locks\deployments.lock&apos; released" date="2025-11-10T18:43:05.296" /><!-- duration: 16ms -->
    <step title="Deleting shutdown sentinel file" date="2025-11-10T18:43:05.311" SemaphoreCount="8" /><!-- duration: 0ms -->
  </step><!-- duration: 7063ms -->
  <step title="Outgoing response" date="2025-11-10T18:43:05.327" type="response" statusCode="200" statusText="OK" Server="Microsoft-IIS/10.0" x-ms-request-id="1064b945-be65-11f0-a899-005056c00008" Cache-Control="private" X-AspNet-Version="4.0.30319" /><!-- duration: 0ms -->
</step><!-- duration: 7078ms -->
