<step title="Incoming Request" date="2025-11-10T18:39:09.524" instance="92ca53" url="/api/publish?type=zip" method="POST" type="request" pid="10164,2,11" Cache-Control="no-cache" Content-Length="4110880" Content-Type="application/octet-stream" Accept="*/*" Accept-Encoding="gzip, deflate" Authorization="Bea..." Host="errando-app-01-gqa9bvctezcgg0h4.scm.swedencentral-01.azurewebsites.net" User-Agent="AZURECLI/2.79.0 (MSI)" x-ms-client-request-id="88fd1ebf-be64-11f0-9a35-005056c00008" X-ARR-LOG-ID="88fd1ebf-be64-11f0-9a35-005056c00008" CLIENT-IP="158.129.26.197:52357" X-SITE-DEPLOYMENT-ID="errando-app-01" WAS-DEFAULT-HOSTNAME="errando-app-01-gqa9bvctezcgg0h4.scm.swedencentral-01.azurewebsites.net" X-Forwarded-Proto="https" X-AppService-Proto="https" X-Forwarded-TlsVersion="1.3" X-WAWS-Unencoded-URL="/api/publish?type=zip" >
  <step title="Cleanup Xml Logs" date="2025-11-10T18:39:09.524" /><!-- duration: 16ms -->
  <step title="OneDeploy" date="2025-11-10T18:39:09.743" >
    <step title="Starting PushDeployAsync" date="2025-11-10T18:39:09.774" /><!-- duration: 0ms -->
    <step title="Updating shutdown sentinel last write time" date="2025-11-10T18:39:09.805" SemaphoreCount="7" /><!-- duration: 16ms -->
    <step title="LockFile &apos;C:\home\site\locks\deployments.lock&apos; acquired" date="2025-11-10T18:39:09.821" /><!-- duration: 0ms -->
    <step title="Saving request content to C:\local\Temp\zipdeploy\uulud3ik.zip" date="2025-11-10T18:39:09.821" >
      <step title="Total 4,110,880 bytes written to C:\local\Temp\zipdeploy\uulud3ik.zip" date="2025-11-10T18:39:12.899" /><!-- duration: 0ms -->
    </step><!-- duration: 3094ms -->
    <step title="LockFile &apos;C:\home\site\locks\deployments.lock&apos; released" date="2025-11-10T18:39:12.930" /><!-- duration: 0ms -->
    <step title="Deleting shutdown sentinel file" date="2025-11-10T18:39:12.930" SemaphoreCount="8" /><!-- duration: 16ms -->
    <step title="Starting FetchDeploy" date="2025-11-10T18:39:12.946" /><!-- duration: 0ms -->
    <step title="Attempting to fetch target branch HEAD" date="2025-11-10T18:39:12.961" /><!-- duration: 0ms -->
    <step title="Updating shutdown sentinel last write time" date="2025-11-10T18:39:12.961" SemaphoreCount="7" /><!-- duration: 16ms -->
    <step title="LockFile &apos;C:\home\site\locks\deployments.lock&apos; acquired" date="2025-11-10T18:39:12.977" /><!-- duration: 0ms -->
    <step title="Performing fetch based deployment" date="2025-11-10T18:39:12.993" >
      <step title="Creating temporary deployment" date="2025-11-10T18:39:12.993" /><!-- duration: 47ms -->
      <step title="Fetching changes." date="2025-11-10T18:39:13.086" /><!-- duration: 0ms -->
      <step title="Starting LocalZipHandler" date="2025-11-10T18:39:13.102" /><!-- duration: 0ms -->
      <step title="Starting LocalZipFetch" date="2025-11-10T18:39:13.118" /><!-- duration: 0ms -->
      <step title="Cleaning up temp folders from previous zip deployments and extracting pushed zip file C:\local\Temp\zipdeploy\uulud3ik.zip (3.92 MB) to C:\local\Temp\zipdeploy\extracted" date="2025-11-10T18:39:13.118" /><!-- duration: 16ms -->
      <step title="Cleaning up temp folders from previous zip deployments and extracting pushed zip file C:\local\Temp\zipdeploy\uulud3ik.zip (3.92 MB) to C:\local\Temp\zipdeploy\extracted" date="2025-11-10T18:39:13.133" >
        <step title="Extracting 48 entries to C:\local\Temp\zipdeploy\extracted directory" date="2025-11-10T18:39:13.149" >
          <step title="Extracting to C:\local\Temp\zipdeploy\extracted\publish\appsettings.Development.json ..." date="2025-11-10T18:39:13.149" /><!-- duration: 16ms -->
          <step title="Extracting to C:\local\Temp\zipdeploy\extracted\publish\appsettings.json ..." date="2025-11-10T18:39:13.165" /><!-- duration: 16ms -->
          <step title="Extracting to C:\local\Temp\zipdeploy\extracted\publish\backend.deps.json ..." date="2025-11-10T18:39:13.180" /><!-- duration: 16ms -->
          <step title="Extracting to C:\local\Temp\zipdeploy\extracted\publish\backend.runtimeconfig.json ..." date="2025-11-10T18:39:13.196" /><!-- duration: 0ms -->
          <step title="Extracting to C:\local\Temp\zipdeploy\extracted\publish\backend.staticwebassets.endpoints.json ..." date="2025-11-10T18:39:13.196" /><!-- duration: 16ms -->
          <step title="Omitting extracting file traces ..." date="2025-11-10T18:39:13.211" /><!-- duration: 0ms -->
          <step title="Extracting to C:\local\Temp\zipdeploy\extracted\Swashbuckle.AspNetCore.Swagger.dll ..." date="2025-11-10T18:39:13.336" /><!-- duration: 16ms -->
          <step title="Extracting to C:\local\Temp\zipdeploy\extracted\Swashbuckle.AspNetCore.SwaggerGen.dll ..." date="2025-11-10T18:39:13.352" /><!-- duration: 0ms -->
          <step title="Extracting to C:\local\Temp\zipdeploy\extracted\Swashbuckle.AspNetCore.SwaggerUI.dll ..." date="2025-11-10T18:39:13.368" /><!-- duration: 0ms -->
          <step title="Extracting to C:\local\Temp\zipdeploy\extracted\System.IdentityModel.Tokens.Jwt.dll ..." date="2025-11-10T18:39:13.383" /><!-- duration: 0ms -->
          <step title="Extracting to C:\local\Temp\zipdeploy\extracted\web.config ..." date="2025-11-10T18:39:13.399" /><!-- duration: 0ms -->
        </step><!-- duration: 250ms -->
      </step><!-- duration: 281ms -->
      <step title="None repository commit" date="2025-11-10T18:39:13.415" >
        <step title="Commit id: 1670e501c12742849b4959adde588e7b" date="2025-11-10T18:39:13.415" Message="OneDeploy" AuthorName="N/A" AuthorEmail="N/A" /><!-- duration: 16ms -->
      </step><!-- duration: 16ms -->
      <step title="Before sending BuildRequestReceived status to /api/updatedeploystatus" date="2025-11-10T18:39:13.430" /><!-- duration: 0ms -->
      <step title="DeploymentManager.Deploy(id:1670e501c12742849b4959adde588e7b)" date="2025-11-10T18:39:13.446" >
        <step title="Collecting changeset information" date="2025-11-10T18:39:13.446" /><!-- duration: 31ms -->
        <step title="Updating submodules" date="2025-11-10T18:39:13.477" >
          <step title="Updating submodules." date="2025-11-10T18:39:13.524" /><!-- duration: 0ms -->
        </step><!-- duration: 63ms -->
        <step title="Preparing deployment for commit id &apos;1670e501c1&apos;." date="2025-11-10T18:39:13.571" /><!-- duration: 0ms -->
        <step title="Determining deployment builder" date="2025-11-10T18:39:13.618" >
          <step title="Builder is OneDeployBuilder" date="2025-11-10T18:39:13.618" /><!-- duration: 16ms -->
        </step><!-- duration: 16ms -->
        <step title="Copying SSH keys" date="2025-11-10T18:39:13.649" /><!-- duration: 16ms -->
        <step title="Building" date="2025-11-10T18:39:13.665" >
          <step title="Running build. Project type: OneDeploy" date="2025-11-10T18:39:13.696" /><!-- duration: 0ms -->
          <step title="Copying the manifest" date="2025-11-10T18:39:13.758" /><!-- duration: 0ms -->
          <step title="Clean deploying to C:\home\site\wwwroot" date="2025-11-10T18:39:13.805" /><!-- duration: 0ms -->
          <step title="Generating deployment script." date="2025-11-10T18:39:13.852" /><!-- duration: 16ms -->
          <step title="Generating deployment script" date="2025-11-10T18:39:13.868" >
            <step title="Using cached version of the deployment script for command: -y --no-dot-deployment -r &quot;C:\local\Temp\zipdeploy\extracted&quot; -o &quot;C:\home\site\deployments\tools&quot; --basic --sitePath &quot;C:\local\Temp\zipdeploy\extracted&quot;" date="2025-11-10T18:39:13.915" /><!-- duration: 0ms -->
            <step title="Using cached version of deployment script (command: &apos;azure -y --no-dot-deployment -r &quot;C:\local\Temp\zipdeploy\extracted&quot; -o &quot;C:\home\site\deployments\tools&quot; --basic --sitePath &quot;C:\local\Temp\zipdeploy\extracted&quot;&apos;)." date="2025-11-10T18:39:13.930" /><!-- duration: 16ms -->
          </step><!-- duration: 109ms -->
          <step title="Running deployment command..." date="2025-11-10T18:39:14.008" /><!-- duration: 16ms -->
          <step title="Command: &quot;C:\home\site\deployments\tools\deploy.cmd&quot;" date="2025-11-10T18:39:14.071" /><!-- duration: 16ms -->
          <step title="Executing external process" date="2025-11-10T18:39:14.102" type="process" path="starter.cmd" arguments="&quot;C:\home\site\deployments\tools\deploy.cmd&quot;" >
            <step title="Handling Basic Web Site deployment." date="2025-11-10T18:39:14.211" /><!-- duration: 16ms -->
            <step title="Creating app_offline.htm" date="2025-11-10T18:39:14.383" /><!-- duration: 0ms -->
            <step title="KuduSync.NET from: &apos;C:\local\Temp\zipdeploy\extracted&apos; to: &apos;C:\home\site\wwwroot&apos;" date="2025-11-10T18:39:14.399" /><!-- duration: 16ms -->
            <step title="Copying file: &apos;backend.dll&apos;" date="2025-11-10T18:39:14.430" /><!-- duration: 0ms -->
            <step title="Copying file: &apos;backend.exe&apos;" date="2025-11-10T18:39:14.430" /><!-- duration: 16ms -->
            <step title="Copying file: &apos;backend.pdb&apos;" date="2025-11-10T18:39:14.446" /><!-- duration: 16ms -->
            <step title="Copying file: &apos;publish\publish\appsettings.Development.json&apos;" date="2025-11-10T18:39:14.461" /><!-- duration: 16ms -->
            <step title="Copying file: &apos;publish\publish\appsettings.json&apos;" date="2025-11-10T18:39:14.477" /><!-- duration: 0ms -->
            <step title="Copying file: &apos;publish\publish\backend.deps.json&apos;" date="2025-11-10T18:39:14.493" /><!-- duration: 0ms -->
            <step title="Copying file: &apos;publish\publish\backend.runtimeconfig.json&apos;" date="2025-11-10T18:39:14.508" /><!-- duration: 0ms -->
            <step title="Copying file: &apos;publish\publish\backend.staticwebassets.endpoints.json&apos;" date="2025-11-10T18:39:14.540" /><!-- duration: 0ms -->
            <step title="Copying file: &apos;publish\publish\web.config&apos;" date="2025-11-10T18:39:14.540" /><!-- duration: 16ms -->
            <step title="Deleting app_offline.htm" date="2025-11-10T18:39:14.555" /><!-- duration: 16ms -->
            <step title="Finished successfully." date="2025-11-10T18:39:14.571" /><!-- duration: 0ms -->
          </step><!-- duration: 484ms -->
          <step title="Build completed succesfully." date="2025-11-10T18:39:14.618" /><!-- duration: 16ms -->
          <step title="Running post deployment command(s)..." date="2025-11-10T18:39:14.665" /><!-- duration: 0ms -->
          <step title="Requesting site restart" date="2025-11-10T18:39:14.711" /><!-- duration: 0ms -->
          <step title="Requesting site restart" date="2025-11-10T18:39:14.727" /><!-- duration: 0ms -->
          <step title="Requesting site restart. Attempt #1" date="2025-11-10T18:39:14.774" /><!-- duration: 0ms -->
          <step title="Requesting site restart. Attempt #1" date="2025-11-10T18:39:14.774" /><!-- duration: 16ms -->
          <step title="Successfully requested a restart. Attempt #1" date="2025-11-10T18:39:15.102" /><!-- duration: 16ms -->
          <step title="Successfully requested a restart. Attempt #1" date="2025-11-10T18:39:15.118" /><!-- duration: 0ms -->
          <step title="Deployment successful. DEPLOYMENTINFO: deploymentPath = OneDeploy, deployer = OneDeploy, os = windows, sku = Free, siteName = errando-app-01, siteHostName = errando-app-01-gqa9bvctezcgg0h4.swedencentral-01.azurewebsites.net, deploymentStatus = Success" date="2025-11-10T18:39:15.165" /><!-- duration: 0ms -->
        </step><!-- duration: 1625ms -->
      </step><!-- duration: 1844ms -->
      <step title="Cleaning up temp files" date="2025-11-10T18:39:15.290" /><!-- duration: 16ms -->
      <step title="Skip function trigger and logicapp sync because function is not enabled." date="2025-11-10T18:39:15.305" /><!-- duration: 0ms -->
    </step><!-- duration: 2344ms -->
    <step title="LockFile &apos;C:\home\site\locks\deployments.lock&apos; released" date="2025-11-10T18:39:15.352" /><!-- duration: 0ms -->
    <step title="Deleting shutdown sentinel file" date="2025-11-10T18:39:15.368" SemaphoreCount="8" /><!-- duration: 0ms -->
  </step><!-- duration: 5625ms -->
  <step title="Outgoing response" date="2025-11-10T18:39:15.383" type="response" statusCode="200" statusText="OK" Server="Microsoft-IIS/10.0" x-ms-request-id="88fd1ebf-be64-11f0-9a35-005056c00008" Cache-Control="private" X-AspNet-Version="4.0.30319" /><!-- duration: 16ms -->
</step><!-- duration: 5875ms -->
