<step title="Incoming Request" date="2025-11-10T18:15:29.438" instance="92ca53" url="/api/publish?type=zip" method="POST" type="request" pid="10896,2,43" Cache-Control="no-cache" Content-Length="4101667" Content-Type="application/octet-stream" Accept="*/*" Accept-Encoding="gzip, deflate" Authorization="Bea..." Host="errando-app-01-gqa9bvctezcgg0h4.scm.swedencentral-01.azurewebsites.net" User-Agent="AZURECLI/2.79.0 (MSI)" x-ms-client-request-id="396a6593-be61-11f0-819e-005056c00008" X-ARR-LOG-ID="396a6593-be61-11f0-819e-005056c00008" CLIENT-IP="158.129.26.197:58755" X-SITE-DEPLOYMENT-ID="errando-app-01" WAS-DEFAULT-HOSTNAME="errando-app-01-gqa9bvctezcgg0h4.scm.swedencentral-01.azurewebsites.net" X-Forwarded-Proto="https" X-AppService-Proto="https" X-Forwarded-TlsVersion="1.3" X-WAWS-Unencoded-URL="/api/publish?type=zip" >
  <step title="Cleanup Xml Logs" date="2025-11-10T18:15:29.438" /><!-- duration: 0ms -->
  <step title="OneDeploy" date="2025-11-10T18:15:29.454" >
    <step title="Starting PushDeployAsync" date="2025-11-10T18:15:29.469" /><!-- duration: 0ms -->
    <step title="Updating shutdown sentinel last write time" date="2025-11-10T18:15:29.485" SemaphoreCount="7" /><!-- duration: 0ms -->
    <step title="LockFile &apos;C:\home\site\locks\deployments.lock&apos; acquired" date="2025-11-10T18:15:29.516" /><!-- duration: 0ms -->
    <step title="Saving request content to C:\local\Temp\zipdeploy\5b3ixrm0.zip" date="2025-11-10T18:15:29.516" >
      <step title="Total 4,101,667 bytes written to C:\local\Temp\zipdeploy\5b3ixrm0.zip" date="2025-11-10T18:15:32.266" /><!-- duration: 0ms -->
    </step><!-- duration: 2781ms -->
    <step title="LockFile &apos;C:\home\site\locks\deployments.lock&apos; released" date="2025-11-10T18:15:32.297" /><!-- duration: 16ms -->
    <step title="Deleting shutdown sentinel file" date="2025-11-10T18:15:32.313" SemaphoreCount="8" /><!-- duration: 0ms -->
    <step title="Starting FetchDeploy" date="2025-11-10T18:15:32.313" /><!-- duration: 16ms -->
    <step title="Attempting to fetch target branch HEAD" date="2025-11-10T18:15:32.329" /><!-- duration: 0ms -->
    <step title="Updating shutdown sentinel last write time" date="2025-11-10T18:15:32.344" SemaphoreCount="7" /><!-- duration: 0ms -->
    <step title="LockFile &apos;C:\home\site\locks\deployments.lock&apos; acquired" date="2025-11-10T18:15:32.344" /><!-- duration: 0ms -->
    <step title="Performing fetch based deployment" date="2025-11-10T18:15:32.360" >
      <step title="Creating temporary deployment" date="2025-11-10T18:15:32.360" /><!-- duration: 31ms -->
      <step title="Fetching changes." date="2025-11-10T18:15:32.438" /><!-- duration: 0ms -->
      <step title="Starting LocalZipHandler" date="2025-11-10T18:15:32.438" /><!-- duration: 16ms -->
      <step title="Starting LocalZipFetch" date="2025-11-10T18:15:32.454" /><!-- duration: 0ms -->
      <step title="Cleaning up temp folders from previous zip deployments and extracting pushed zip file C:\local\Temp\zipdeploy\5b3ixrm0.zip (3.91 MB) to C:\local\Temp\zipdeploy\extracted" date="2025-11-10T18:15:32.469" /><!-- duration: 0ms -->
      <step title="Cleaning up temp folders from previous zip deployments and extracting pushed zip file C:\local\Temp\zipdeploy\5b3ixrm0.zip (3.91 MB) to C:\local\Temp\zipdeploy\extracted" date="2025-11-10T18:15:32.485" >
        <step title="Renaming extractTargetDirectory(C:\local\Temp\zipdeploy\extracted) to tempDirectory(C:\local\Temp\zipdeploy\1fmdjzsc.vze)" date="2025-11-10T18:15:32.485" /><!-- duration: 0ms -->
        <step title="Extracting 42 entries to C:\local\Temp\zipdeploy\extracted directory" date="2025-11-10T18:15:32.485" >
          <step title="Extracting to C:\local\Temp\zipdeploy\extracted\publish\appsettings.Development.json ..." date="2025-11-10T18:15:32.501" /><!-- duration: 0ms -->
          <step title="Extracting to C:\local\Temp\zipdeploy\extracted\publish\appsettings.json ..." date="2025-11-10T18:15:32.501" /><!-- duration: 0ms -->
          <step title="Extracting to C:\local\Temp\zipdeploy\extracted\publish\backend.deps.json ..." date="2025-11-10T18:15:32.516" /><!-- duration: 0ms -->
          <step title="Extracting to C:\local\Temp\zipdeploy\extracted\publish\backend.runtimeconfig.json ..." date="2025-11-10T18:15:32.516" /><!-- duration: 16ms -->
          <step title="Extracting to C:\local\Temp\zipdeploy\extracted\publish\backend.staticwebassets.endpoints.json ..." date="2025-11-10T18:15:32.547" /><!-- duration: 0ms -->
          <step title="Omitting extracting file traces ..." date="2025-11-10T18:15:32.547" /><!-- duration: 0ms -->
          <step title="Extracting to C:\local\Temp\zipdeploy\extracted\Swashbuckle.AspNetCore.Swagger.dll ..." date="2025-11-10T18:15:32.672" /><!-- duration: 16ms -->
          <step title="Extracting to C:\local\Temp\zipdeploy\extracted\Swashbuckle.AspNetCore.SwaggerGen.dll ..." date="2025-11-10T18:15:32.688" /><!-- duration: 0ms -->
          <step title="Extracting to C:\local\Temp\zipdeploy\extracted\Swashbuckle.AspNetCore.SwaggerUI.dll ..." date="2025-11-10T18:15:32.704" /><!-- duration: 0ms -->
          <step title="Extracting to C:\local\Temp\zipdeploy\extracted\System.IdentityModel.Tokens.Jwt.dll ..." date="2025-11-10T18:15:32.719" /><!-- duration: 16ms -->
          <step title="Extracting to C:\local\Temp\zipdeploy\extracted\web.config ..." date="2025-11-10T18:15:32.735" /><!-- duration: 0ms -->
        </step><!-- duration: 250ms -->
      </step><!-- duration: 266ms -->
      <step title="None repository commit" date="2025-11-10T18:15:32.766" >
        <step title="Commit id: 6a5ce75689e74b5c8866c06cacb6fa16" date="2025-11-10T18:15:32.766" Message="OneDeploy" AuthorName="N/A" AuthorEmail="N/A" /><!-- duration: 0ms -->
      </step><!-- duration: 16ms -->
      <step title="Before sending BuildRequestReceived status to /api/updatedeploystatus" date="2025-11-10T18:15:32.782" /><!-- duration: 0ms -->
      <step title="DeploymentManager.Deploy(id:6a5ce75689e74b5c8866c06cacb6fa16)" date="2025-11-10T18:15:32.782" >
        <step title="Collecting changeset information" date="2025-11-10T18:15:32.813" /><!-- duration: 31ms -->
        <step title="Updating submodules" date="2025-11-10T18:15:32.844" >
          <step title="Updating submodules." date="2025-11-10T18:15:32.891" /><!-- duration: 0ms -->
        </step><!-- duration: 63ms -->
        <step title="Preparing deployment for commit id &apos;6a5ce75689&apos;." date="2025-11-10T18:15:32.954" /><!-- duration: 0ms -->
        <step title="Determining deployment builder" date="2025-11-10T18:15:32.985" >
          <step title="Builder is OneDeployBuilder" date="2025-11-10T18:15:32.985" /><!-- duration: 16ms -->
        </step><!-- duration: 16ms -->
        <step title="Copying SSH keys" date="2025-11-10T18:15:33.016" /><!-- duration: 16ms -->
        <step title="Building" date="2025-11-10T18:15:33.032" >
          <step title="Running build. Project type: OneDeploy" date="2025-11-10T18:15:33.079" /><!-- duration: 0ms -->
          <step title="Copying the manifest" date="2025-11-10T18:15:33.126" /><!-- duration: 0ms -->
          <step title="Clean deploying to C:\home\site\wwwroot" date="2025-11-10T18:15:33.173" /><!-- duration: 0ms -->
          <step title="Generating deployment script." date="2025-11-10T18:15:33.219" /><!-- duration: 0ms -->
          <step title="Generating deployment script" date="2025-11-10T18:15:33.251" >
            <step title="Using cached version of the deployment script for command: -y --no-dot-deployment -r &quot;C:\local\Temp\zipdeploy\extracted&quot; -o &quot;C:\home\site\deployments\tools&quot; --basic --sitePath &quot;C:\local\Temp\zipdeploy\extracted&quot;" date="2025-11-10T18:15:33.251" /><!-- duration: 16ms -->
            <step title="Using cached version of deployment script (command: &apos;azure -y --no-dot-deployment -r &quot;C:\local\Temp\zipdeploy\extracted&quot; -o &quot;C:\home\site\deployments\tools&quot; --basic --sitePath &quot;C:\local\Temp\zipdeploy\extracted&quot;&apos;)." date="2025-11-10T18:15:33.282" /><!-- duration: 0ms -->
          </step><!-- duration: 47ms -->
          <step title="Running deployment command..." date="2025-11-10T18:15:33.329" /><!-- duration: 0ms -->
          <step title="Command: &quot;C:\home\site\deployments\tools\deploy.cmd&quot;" date="2025-11-10T18:15:33.360" /><!-- duration: 16ms -->
          <step title="Executing external process" date="2025-11-10T18:15:33.376" type="process" path="starter.cmd" arguments="&quot;C:\home\site\deployments\tools\deploy.cmd&quot;" >
            <step title="Handling Basic Web Site deployment." date="2025-11-10T18:15:33.485" /><!-- duration: 0ms -->
            <step title="Creating app_offline.htm" date="2025-11-10T18:15:33.688" /><!-- duration: 16ms -->
            <step title="KuduSync.NET from: &apos;C:\local\Temp\zipdeploy\extracted&apos; to: &apos;C:\home\site\wwwroot&apos;" date="2025-11-10T18:15:33.704" /><!-- duration: 16ms -->
            <step title="Copying file: &apos;appsettings.json&apos;" date="2025-11-10T18:15:33.735" /><!-- duration: 0ms -->
            <step title="Copying file: &apos;publish\appsettings.Development.json&apos;" date="2025-11-10T18:15:33.751" /><!-- duration: 0ms -->
            <step title="Copying file: &apos;publish\appsettings.json&apos;" date="2025-11-10T18:15:33.766" /><!-- duration: 0ms -->
            <step title="Copying file: &apos;publish\backend.deps.json&apos;" date="2025-11-10T18:15:33.782" /><!-- duration: 0ms -->
            <step title="Copying file: &apos;publish\backend.runtimeconfig.json&apos;" date="2025-11-10T18:15:33.798" /><!-- duration: 0ms -->
            <step title="Copying file: &apos;publish\backend.staticwebassets.endpoints.json&apos;" date="2025-11-10T18:15:33.813" /><!-- duration: 0ms -->
            <step title="Copying file: &apos;publish\web.config&apos;" date="2025-11-10T18:15:33.829" /><!-- duration: 0ms -->
            <step title="Deleting app_offline.htm" date="2025-11-10T18:15:33.844" /><!-- duration: 16ms -->
            <step title="Finished successfully." date="2025-11-10T18:15:33.860" /><!-- duration: 0ms -->
          </step><!-- duration: 500ms -->
          <step title="Build completed succesfully." date="2025-11-10T18:15:33.907" /><!-- duration: 0ms -->
          <step title="Running post deployment command(s)..." date="2025-11-10T18:15:33.954" /><!-- duration: 0ms -->
          <step title="Requesting site restart" date="2025-11-10T18:15:34.001" /><!-- duration: 0ms -->
          <step title="Requesting site restart" date="2025-11-10T18:15:34.016" /><!-- duration: 0ms -->
          <step title="Requesting site restart. Attempt #1" date="2025-11-10T18:15:34.048" /><!-- duration: 0ms -->
          <step title="Requesting site restart. Attempt #1" date="2025-11-10T18:15:34.063" /><!-- duration: 0ms -->
          <step title="Successfully requested a restart. Attempt #1" date="2025-11-10T18:15:34.188" /><!-- duration: 0ms -->
          <step title="Successfully requested a restart. Attempt #1" date="2025-11-10T18:15:34.188" /><!-- duration: 0ms -->
          <step title="Deployment successful. DEPLOYMENTINFO: deploymentPath = OneDeploy, deployer = OneDeploy, os = windows, sku = Free, siteName = errando-app-01, siteHostName = errando-app-01-gqa9bvctezcgg0h4.swedencentral-01.azurewebsites.net, deploymentStatus = Success" date="2025-11-10T18:15:34.235" /><!-- duration: 0ms -->
        </step><!-- duration: 1297ms -->
      </step><!-- duration: 1547ms -->
      <step title="Cleaning up temp files" date="2025-11-10T18:15:34.329" /><!-- duration: 0ms -->
      <step title="Skip function trigger and logicapp sync because function is not enabled." date="2025-11-10T18:15:34.344" /><!-- duration: 0ms -->
    </step><!-- duration: 2016ms -->
    <step title="LockFile &apos;C:\home\site\locks\deployments.lock&apos; released" date="2025-11-10T18:15:34.391" /><!-- duration: 0ms -->
    <step title="Deleting shutdown sentinel file" date="2025-11-10T18:15:34.391" SemaphoreCount="8" /><!-- duration: 16ms -->
  </step><!-- duration: 4953ms -->
  <step title="Outgoing response" date="2025-11-10T18:15:34.423" type="response" statusCode="200" statusText="OK" Server="Microsoft-IIS/10.0" x-ms-request-id="396a6593-be61-11f0-819e-005056c00008" Cache-Control="private" X-AspNet-Version="4.0.30319" /><!-- duration: 0ms -->
</step><!-- duration: 4985ms -->
