<step title="Incoming Request" date="2025-11-10T18:06:12.016" instance="92ca53" url="/api/publish?type=zip" method="POST" type="request" pid="10896,2,8" Cache-Control="no-cache" Content-Length="4092740" Content-Type="application/octet-stream" Accept="*/*" Accept-Encoding="gzip, deflate" Authorization="Bea..." Host="errando-app-01-gqa9bvctezcgg0h4.scm.swedencentral-01.azurewebsites.net" User-Agent="AZURECLI/2.79.0 (MSI)" x-ms-client-request-id="eb47ccdc-be5f-11f0-8062-005056c00008" X-ARR-LOG-ID="eb47ccdc-be5f-11f0-8062-005056c00008" CLIENT-IP="158.129.26.197:49961" X-SITE-DEPLOYMENT-ID="errando-app-01" WAS-DEFAULT-HOSTNAME="errando-app-01-gqa9bvctezcgg0h4.scm.swedencentral-01.azurewebsites.net" X-Forwarded-Proto="https" X-AppService-Proto="https" X-Forwarded-TlsVersion="1.3" X-WAWS-Unencoded-URL="/api/publish?type=zip" >
  <step title="OneDeploy" date="2025-11-10T18:06:12.281" >
    <step title="Starting PushDeployAsync" date="2025-11-10T18:06:12.312" /><!-- duration: 0ms -->
    <step title="Updating shutdown sentinel last write time" date="2025-11-10T18:06:12.359" SemaphoreCount="7" /><!-- duration: 0ms -->
    <step title="LockFile &apos;C:\home\site\locks\deployments.lock&apos; acquired" date="2025-11-10T18:06:12.375" /><!-- duration: 0ms -->
    <step title="Saving request content to C:\local\Temp\zipdeploy\wy3cibp1.zip" date="2025-11-10T18:06:12.375" >
      <step title="Total 4,092,740 bytes written to C:\local\Temp\zipdeploy\wy3cibp1.zip" date="2025-11-10T18:06:12.687" /><!-- duration: 0ms -->
    </step><!-- duration: 328ms -->
    <step title="LockFile &apos;C:\home\site\locks\deployments.lock&apos; released" date="2025-11-10T18:06:12.703" /><!-- duration: 0ms -->
    <step title="Deleting shutdown sentinel file" date="2025-11-10T18:06:12.719" SemaphoreCount="8" /><!-- duration: 0ms -->
    <step title="Starting FetchDeploy" date="2025-11-10T18:06:12.734" /><!-- duration: 0ms -->
    <step title="Attempting to fetch target branch HEAD" date="2025-11-10T18:06:12.734" /><!-- duration: 0ms -->
    <step title="Updating shutdown sentinel last write time" date="2025-11-10T18:06:12.750" SemaphoreCount="7" /><!-- duration: 0ms -->
    <step title="LockFile &apos;C:\home\site\locks\deployments.lock&apos; acquired" date="2025-11-10T18:06:12.750" /><!-- duration: 16ms -->
    <step title="Performing fetch based deployment" date="2025-11-10T18:06:12.766" >
      <step title="Creating temporary deployment" date="2025-11-10T18:06:12.766" /><!-- duration: 47ms -->
      <step title="Fetching changes." date="2025-11-10T18:06:12.875" /><!-- duration: 0ms -->
      <step title="Starting LocalZipHandler" date="2025-11-10T18:06:12.891" /><!-- duration: 0ms -->
      <step title="Starting LocalZipFetch" date="2025-11-10T18:06:12.891" /><!-- duration: 0ms -->
      <step title="Cleaning up temp folders from previous zip deployments and extracting pushed zip file C:\local\Temp\zipdeploy\wy3cibp1.zip (3.90 MB) to C:\local\Temp\zipdeploy\extracted" date="2025-11-10T18:06:12.906" /><!-- duration: 0ms -->
      <step title="Cleaning up temp folders from previous zip deployments and extracting pushed zip file C:\local\Temp\zipdeploy\wy3cibp1.zip (3.90 MB) to C:\local\Temp\zipdeploy\extracted" date="2025-11-10T18:06:12.922" >
        <step title="Extracting 36 entries to C:\local\Temp\zipdeploy\extracted directory" date="2025-11-10T18:06:12.937" >
          <step title="Extracting to C:\local\Temp\zipdeploy\extracted\appsettings.Development.json ..." date="2025-11-10T18:06:12.937" /><!-- duration: 16ms -->
          <step title="Extracting to C:\local\Temp\zipdeploy\extracted\appsettings.json ..." date="2025-11-10T18:06:12.953" /><!-- duration: 16ms -->
          <step title="Extracting to C:\local\Temp\zipdeploy\extracted\backend.deps.json ..." date="2025-11-10T18:06:12.969" /><!-- duration: 0ms -->
          <step title="Extracting to C:\local\Temp\zipdeploy\extracted\backend.dll ..." date="2025-11-10T18:06:12.984" /><!-- duration: 0ms -->
          <step title="Extracting to C:\local\Temp\zipdeploy\extracted\backend.exe ..." date="2025-11-10T18:06:12.984" /><!-- duration: 16ms -->
          <step title="Omitting extracting file traces ..." date="2025-11-10T18:06:13.000" /><!-- duration: 16ms -->
          <step title="Extracting to C:\local\Temp\zipdeploy\extracted\Swashbuckle.AspNetCore.Swagger.dll ..." date="2025-11-10T18:06:13.125" /><!-- duration: 16ms -->
          <step title="Extracting to C:\local\Temp\zipdeploy\extracted\Swashbuckle.AspNetCore.SwaggerGen.dll ..." date="2025-11-10T18:06:13.141" /><!-- duration: 16ms -->
          <step title="Extracting to C:\local\Temp\zipdeploy\extracted\Swashbuckle.AspNetCore.SwaggerUI.dll ..." date="2025-11-10T18:06:13.172" /><!-- duration: 16ms -->
          <step title="Extracting to C:\local\Temp\zipdeploy\extracted\System.IdentityModel.Tokens.Jwt.dll ..." date="2025-11-10T18:06:13.188" /><!-- duration: 0ms -->
          <step title="Extracting to C:\local\Temp\zipdeploy\extracted\web.config ..." date="2025-11-10T18:06:13.188" /><!-- duration: 16ms -->
        </step><!-- duration: 266ms -->
      </step><!-- duration: 281ms -->
      <step title="None repository commit" date="2025-11-10T18:06:13.203" >
        <step title="Commit id: 8109a16a681d479daa3bdf053a218e4c" date="2025-11-10T18:06:13.219" Message="OneDeploy" AuthorName="N/A" AuthorEmail="N/A" /><!-- duration: 0ms -->
      </step><!-- duration: 16ms -->
      <step title="Before sending BuildRequestReceived status to /api/updatedeploystatus" date="2025-11-10T18:06:13.219" /><!-- duration: 16ms -->
      <step title="DeploymentManager.Deploy(id:8109a16a681d479daa3bdf053a218e4c)" date="2025-11-10T18:06:13.234" >
        <step title="Collecting changeset information" date="2025-11-10T18:06:13.250" /><!-- duration: 31ms -->
        <step title="Updating submodules" date="2025-11-10T18:06:13.281" >
          <step title="Updating submodules." date="2025-11-10T18:06:13.312" /><!-- duration: 16ms -->
        </step><!-- duration: 47ms -->
        <step title="Preparing deployment for commit id &apos;8109a16a68&apos;." date="2025-11-10T18:06:13.375" /><!-- duration: 0ms -->
        <step title="Determining deployment builder" date="2025-11-10T18:06:13.453" >
          <step title="Builder is OneDeployBuilder" date="2025-11-10T18:06:13.453" /><!-- duration: 0ms -->
        </step><!-- duration: 0ms -->
        <step title="Copying SSH keys" date="2025-11-10T18:06:13.469" /><!-- duration: 16ms -->
        <step title="Building" date="2025-11-10T18:06:13.484" >
          <step title="Running build. Project type: OneDeploy" date="2025-11-10T18:06:13.516" /><!-- duration: 16ms -->
          <step title="Copying the manifest" date="2025-11-10T18:06:13.562" /><!-- duration: 0ms -->
          <step title="Clean deploying to C:\home\site\wwwroot" date="2025-11-10T18:06:13.625" /><!-- duration: 0ms -->
          <step title="Generating deployment script." date="2025-11-10T18:06:13.672" /><!-- duration: 0ms -->
          <step title="Generating deployment script" date="2025-11-10T18:06:13.687" >
            <step title="Using the following command to generate deployment script: &apos;azure site deploymentscript -y --no-dot-deployment -r &quot;C:\local\Temp\zipdeploy\extracted&quot; -o &quot;C:\home\site\deployments\tools&quot; --basic --sitePath &quot;C:\local\Temp\zipdeploy\extracted&quot;&apos;." date="2025-11-10T18:06:13.734" /><!-- duration: 0ms -->
            <step title="Executing external process" date="2025-11-10T18:06:13.766" type="process" path="starter.cmd" arguments="&quot;C:\Program Files (x86)\SiteExtensions\Kudu\2025.09.1.1\bin\node_modules\.bin\kuduscript.cmd&quot; -y --no-dot-deployment -r &quot;C:\local\Temp\zipdeploy\extracted&quot; -o &quot;C:\home\site\deployments\tools&quot; --basic --sitePath &quot;C:\local\Temp\zipdeploy\extracted&quot;" >
              <step title="Generating deployment script for Web Site" date="2025-11-10T18:06:13.891" /><!-- duration: 16ms -->
              <step title="Generated deployment script files" date="2025-11-10T18:06:13.906" /><!-- duration: 16ms -->
            </step><!-- duration: 156ms -->
            <step title="Saved cached version of the deployment script for command -y --no-dot-deployment -r &quot;C:\local\Temp\zipdeploy\extracted&quot; -o &quot;C:\home\site\deployments\tools&quot; --basic --sitePath &quot;C:\local\Temp\zipdeploy\extracted&quot;" date="2025-11-10T18:06:13.937" /><!-- duration: 0ms -->
          </step><!-- duration: 250ms -->
          <step title="Running deployment command..." date="2025-11-10T18:06:13.984" /><!-- duration: 0ms -->
          <step title="Command: &quot;C:\home\site\deployments\tools\deploy.cmd&quot;" date="2025-11-10T18:06:14.000" /><!-- duration: 16ms -->
          <step title="Executing external process" date="2025-11-10T18:06:14.016" type="process" path="starter.cmd" arguments="&quot;C:\home\site\deployments\tools\deploy.cmd&quot;" >
            <step title="Handling Basic Web Site deployment." date="2025-11-10T18:06:14.141" /><!-- duration: 0ms -->
            <step title="Creating app_offline.htm" date="2025-11-10T18:06:14.344" /><!-- duration: 16ms -->
            <step title="KuduSync.NET from: &apos;C:\local\Temp\zipdeploy\extracted&apos; to: &apos;C:\home\site\wwwroot&apos;" date="2025-11-10T18:06:14.375" /><!-- duration: 0ms -->
            <step title="Deleting file: &apos;hostingstart.html&apos;" date="2025-11-10T18:06:14.391" /><!-- duration: 0ms -->
            <step title="Copying file: &apos;appsettings.Development.json&apos;" date="2025-11-10T18:06:14.406" /><!-- duration: 0ms -->
            <step title="Copying file: &apos;appsettings.json&apos;" date="2025-11-10T18:06:14.422" /><!-- duration: 0ms -->
            <step title="Copying file: &apos;backend.deps.json&apos;" date="2025-11-10T18:06:14.437" /><!-- duration: 0ms -->
            <step title="Copying file: &apos;backend.dll&apos;" date="2025-11-10T18:06:14.453" /><!-- duration: 0ms -->
            <step title="Copying file: &apos;backend.exe&apos;" date="2025-11-10T18:06:14.469" /><!-- duration: 0ms -->
            <step title="Copying file: &apos;backend.pdb&apos;" date="2025-11-10T18:06:14.484" /><!-- duration: 16ms -->
            <step title="Copying file: &apos;backend.runtimeconfig.json&apos;" date="2025-11-10T18:06:14.500" /><!-- duration: 16ms -->
            <step title="Copying file: &apos;backend.staticwebassets.endpoints.json&apos;" date="2025-11-10T18:06:14.516" /><!-- duration: 16ms -->
            <step title="Copying file: &apos;BCrypt.Net-Next.dll&apos;" date="2025-11-10T18:06:14.531" /><!-- duration: 16ms -->
            <step title="Copying file: &apos;Microsoft.AspNetCore.Authentication.JwtBearer.dll&apos;" date="2025-11-10T18:06:14.547" /><!-- duration: 0ms -->
            <step title="Copying file: &apos;Microsoft.AspNetCore.OpenApi.dll&apos;" date="2025-11-10T18:06:14.562" /><!-- duration: 0ms -->
            <step title="Copying file: &apos;Microsoft.EntityFrameworkCore.Abstractions.dll&apos;" date="2025-11-10T18:06:14.578" /><!-- duration: 0ms -->
            <step title="Copying file: &apos;Microsoft.EntityFrameworkCore.dll&apos;" date="2025-11-10T18:06:14.594" /><!-- duration: 16ms -->
            <step title="Copying file: &apos;Microsoft.EntityFrameworkCore.Relational.dll&apos;" date="2025-11-10T18:06:14.609" /><!-- duration: 16ms -->
            <step title="Copying file: &apos;Microsoft.Extensions.Caching.Abstractions.dll&apos;" date="2025-11-10T18:06:14.625" /><!-- duration: 16ms -->
            <step title="Copying file: &apos;Microsoft.Extensions.Caching.Memory.dll&apos;" date="2025-11-10T18:06:14.641" /><!-- duration: 16ms -->
            <step title="Copying file: &apos;Microsoft.Extensions.Configuration.Abstractions.dll&apos;" date="2025-11-10T18:06:14.656" /><!-- duration: 0ms -->
            <step title="Copying file: &apos;Microsoft.Extensions.DependencyInjection.Abstractions.dll&apos;" date="2025-11-10T18:06:14.672" /><!-- duration: 0ms -->
            <step title="Copying file: &apos;Microsoft.Extensions.DependencyInjection.dll&apos;" date="2025-11-10T18:06:14.687" /><!-- duration: 0ms -->
            <step title="Copying file: &apos;Microsoft.Extensions.Logging.Abstractions.dll&apos;" date="2025-11-10T18:06:14.719" /><!-- duration: 0ms -->
            <step title="Copying file: &apos;Microsoft.Extensions.Logging.dll&apos;" date="2025-11-10T18:06:14.734" /><!-- duration: 0ms -->
            <step title="Copying file: &apos;Microsoft.Extensions.Options.dll&apos;" date="2025-11-10T18:06:14.750" /><!-- duration: 0ms -->
            <step title="Copying file: &apos;Microsoft.Extensions.Primitives.dll&apos;" date="2025-11-10T18:06:14.766" /><!-- duration: 0ms -->
            <step title="Copying file: &apos;Microsoft.IdentityModel.JsonWebTokens.dll&apos;" date="2025-11-10T18:06:14.781" /><!-- duration: 0ms -->
            <step title="Copying file: &apos;Microsoft.IdentityModel.Logging.dll&apos;" date="2025-11-10T18:06:14.797" /><!-- duration: 0ms -->
            <step title="Copying file: &apos;Microsoft.IdentityModel.Protocols.dll&apos;" date="2025-11-10T18:06:14.812" /><!-- duration: 16ms -->
            <step title="Copying file: &apos;Microsoft.IdentityModel.Protocols.OpenIdConnect.dll&apos;" date="2025-11-10T18:06:14.844" /><!-- duration: 0ms -->
            <step title="Copying file: &apos;Microsoft.IdentityModel.Tokens.dll&apos;" date="2025-11-10T18:06:14.875" /><!-- duration: 16ms -->
            <step title="Copying file: &apos;Microsoft.OpenApi.dll&apos;" date="2025-11-10T18:06:14.906" /><!-- duration: 16ms -->
            <step title="Copying file: &apos;Npgsql.dll&apos;" date="2025-11-10T18:06:14.937" /><!-- duration: 0ms -->
            <step title="Copying file: &apos;Npgsql.EntityFrameworkCore.PostgreSQL.dll&apos;" date="2025-11-10T18:06:14.969" /><!-- duration: 0ms -->
            <step title="Copying file: &apos;Swashbuckle.AspNetCore.Swagger.dll&apos;" date="2025-11-10T18:06:14.984" /><!-- duration: 0ms -->
            <step title="Copying file: &apos;Swashbuckle.AspNetCore.SwaggerGen.dll&apos;" date="2025-11-10T18:06:15.000" /><!-- duration: 0ms -->
            <step title="Copying file: &apos;Swashbuckle.AspNetCore.SwaggerUI.dll&apos;" date="2025-11-10T18:06:15.016" /><!-- duration: 0ms -->
            <step title="Copying file: &apos;System.IdentityModel.Tokens.Jwt.dll&apos;" date="2025-11-10T18:06:15.031" /><!-- duration: 0ms -->
            <step title="Copying file: &apos;web.config&apos;" date="2025-11-10T18:06:15.047" /><!-- duration: 16ms -->
            <step title="Deleting app_offline.htm" date="2025-11-10T18:06:15.078" /><!-- duration: 0ms -->
            <step title="Finished successfully." date="2025-11-10T18:06:15.094" /><!-- duration: 0ms -->
          </step><!-- duration: 1094ms -->
          <step title="Build completed succesfully." date="2025-11-10T18:06:15.141" /><!-- duration: 0ms -->
          <step title="Running post deployment command(s)..." date="2025-11-10T18:06:15.219" /><!-- duration: 0ms -->
          <step title="Requesting site restart" date="2025-11-10T18:06:15.250" /><!-- duration: 16ms -->
          <step title="Requesting site restart" date="2025-11-10T18:06:15.281" /><!-- duration: 0ms -->
          <step title="Requesting site restart. Attempt #1" date="2025-11-10T18:06:15.312" /><!-- duration: 0ms -->
          <step title="Requesting site restart. Attempt #1" date="2025-11-10T18:06:15.328" /><!-- duration: 0ms -->
          <step title="Successfully requested a restart. Attempt #1" date="2025-11-10T18:06:15.672" /><!-- duration: 16ms -->
          <step title="Successfully requested a restart. Attempt #1" date="2025-11-10T18:06:15.688" /><!-- duration: 0ms -->
          <step title="Deployment successful. DEPLOYMENTINFO: deploymentPath = OneDeploy, deployer = OneDeploy, os = windows, sku = Free, siteName = errando-app-01, siteHostName = errando-app-01-gqa9bvctezcgg0h4.swedencentral-01.azurewebsites.net, deploymentStatus = Success" date="2025-11-10T18:06:15.734" /><!-- duration: 0ms -->
        </step><!-- duration: 2375ms -->
      </step><!-- duration: 2641ms -->
      <step title="Cleaning up temp files" date="2025-11-10T18:06:15.875" /><!-- duration: 0ms -->
      <step title="Skip function trigger and logicapp sync because function is not enabled." date="2025-11-10T18:06:15.891" /><!-- duration: 0ms -->
    </step><!-- duration: 3156ms -->
    <step title="LockFile &apos;C:\home\site\locks\deployments.lock&apos; released" date="2025-11-10T18:06:15.938" /><!-- duration: 0ms -->
    <step title="Deleting shutdown sentinel file" date="2025-11-10T18:06:15.953" SemaphoreCount="8" /><!-- duration: 0ms -->
  </step><!-- duration: 3688ms -->
  <step title="Outgoing response" date="2025-11-10T18:06:15.984" type="response" statusCode="200" statusText="OK" Server="Microsoft-IIS/10.0" x-ms-request-id="eb47ccdc-be5f-11f0-8062-005056c00008" Cache-Control="private" X-AspNet-Version="4.0.30319" /><!-- duration: 16ms -->
</step><!-- duration: 3984ms -->
